算法,实例名称,工件数,工厂数,工序数,Alpha,实例序号,目标值,下界,Gap,迭代次数,总求解时间(s),主问题时间(s),子问题阶段1时间(s),子问题阶段2时间(s),拒绝订单个数,下界
LBBD3.py,5-2-3-a1-i2.json,5,2,3,1,2,1173,1173,0,1,0.098,0.011,0.079,0,4,1173
LBBD3.py,5-2-3-a1-i3.json,5,2,3,1,3,1206,1206,0,1,0.179,0.01,0.162,0,3,1206
LBBD3.py,5-2-4-a0.1-i1.json,5,2,4,0.1,1,1318,1318,0,1,0.185,0.011,0.164,0,2,1318
LBBD3.py,5-2-4-a100-i1.json,5,2,4,100,1,1279,1279,0,1,0.107,0.012,0.087,0,2,1279
LBBD3.py,5-2-5-a0.1-i1.json,5,2,5,0.1,1,1217,1217,0,1,0.179,0.011,0.159,0,1,1217
LBBD3.py,5-2-5-a10-i1.json,5,2,5,10,1,1217,1217,0,1,0.192,0.012,0.17,0,1,1217
LBBD3.py,5-3-3-a1-i1.json,5,3,3,1,1,796,796,0,1,0.248,0.012,0.227,0,2,796
LBBD3.py,5-3-3-a100-i2.json,5,3,3,100,2,938,938,0,1,0.178,0.01,0.159,0,1,938
LBBD3.py,5-3-4-a1-i3.json,5,3,4,1,3,1194,1194,0,1,0.1,0.013,0.076,0,4,1194
LBBD3.py,5-3-4-a10-i3.json,5,3,4,10,3,1107,1107,0,1,0.108,0.013,0.084,0,3,1107
LBBD3.py,5-3-5-a10-i2.json,5,3,5,10,2,1117,1117,0,1,0.194,0.015,0.161,0,2,1117
LBBD3.py,5-3-5-a100-i2.json,5,3,5,100,2,1117,1117,0,1,0.191,0.016,0.158,0,2,1117
LBBD3.py,5-4-3-a10-i1.json,5,4,3,10,1,832,832,0,1,0.116,0.013,0.089,0,2,832
LBBD3.py,5-4-3-a100-i1.json,5,4,3,100,1,832,832,0,1,0.108,0.013,0.086,0,2,832
LBBD3.py,5-4-4-a1-i1.json,5,4,4,1,1,798,798,0,1,0.184,0.014,0.156,0,2,798
LBBD3.py,5-4-4-a10-i3.json,5,4,4,10,3,1124,1124,0,1,0.265,0.017,0.234,0,1,1124
LBBD3.py,5-4-5-a0.1-i2.json,5,4,5,0.1,2,989,989,0,1,0.189,0.014,0.159,0,2,989
LBBD3.py,5-4-5-a1-i2.json,5,4,5,1,2,989,989,0,1,0.227,0.022,0.178,0,2,989
LBBD3.py,10-2-3-a10-i3.json,10,2,3,10,3,2294,2294,0,1,0.219,0.021,0.185,0,6,2294
LBBD3.py,10-2-3-a100-i1.json,10,2,3,100,1,2316,2316,0,1,0.138,0.019,0.107,0,5,2316
LBBD3.py,10-2-4-a100-i2.json,10,2,4,100,2,2007,2007,0,1,0.2,0.016,0.168,0,4,2007
LBBD3.py,10-2-4-a100-i3.json,10,2,4,100,3,2258,2258,0,1,0.203,0.018,0.17,0,3,2258
LBBD3.py,10-2-5-a1-i1.json,10,2,5,1,1,2244,2244,0,1,0.206,0.027,0.161,0,6,2244
LBBD3.py,10-2-5-a100-i1.json,10,2,5,100,1,2244,2244,0,1,0.222,0.021,0.18,0,6,2244
LBBD3.py,10-3-3-a100-i2.json,10,3,3,100,2,2153,2153,0,1,0.283,0.015,0.251,0,3,2153
LBBD3.py,10-3-3-a100-i3.json,10,3,3,100,3,1907,1907,0,1,0.259,0.021,0.223,0,5,1907
LBBD3.py,10-3-4-a10-i3.json,10,3,4,10,3,1767,1767,0,1,0.293,0.027,0.24,0,3,1767
LBBD3.py,10-3-4-a100-i1.json,10,3,4,100,1,2029,2029,0,1,0.219,0.026,0.175,0,4,2029
LBBD3.py,10-3-5-a100-i1.json,10,3,5,100,1,2083,2083,0,1,0.287,0.024,0.238,0,5,2083
LBBD3.py,10-3-5-a100-i2.json,10,3,5,100,2,1965,1965,0,1,0.288,0.02,0.247,0,3,1965
LBBD3.py,10-4-3-a0.1-i1.json,10,4,3,0.1,1,1767,1767,0,1,0.349,0.038,0.284,0,5,1767
LBBD3.py,10-4-3-a10-i1.json,10,4,3,10,1,1760,1760,0,1,0.35,0.031,0.298,0,5,1760
LBBD3.py,10-4-4-a10-i2.json,10,4,4,10,2,1825,1825,0,1,0.382,0.032,0.326,0,3,1825
LBBD3.py,10-4-4-a100-i3.json,10,4,4,100,3,1913,1913,0,1,0.299,0.025,0.243,0,5,1913
LBBD3.py,10-4-5-a1-i3.json,10,4,5,1,3,1846,1846,0,5,2.431,0.234,1.644,0.515,4,1846
LBBD3.py,10-4-5-a100-i2.json,10,4,5,100,2,1900,1900,0,1,0.333,0.04,0.243,0,4,1900
LBBD3.py,15-2-3-a1-i1.json,15,2,3,1,1,3040,3040,0,3,0.765,0.116,0.462,0.171,11,3040
LBBD3.py,15-2-3-a100-i2.json,15,2,3,100,2,2764,2764,0,1,0.199,0.019,0.167,0,6,2764
LBBD3.py,15-2-4-a10-i1.json,15,2,4,10,1,2538,2538,0,1,0.217,0.031,0.155,0,8,2538
LBBD3.py,15-2-4-a100-i3.json,15,2,4,100,3,3098,3098,0,1,0.222,0.029,0.166,0,9,3098
LBBD3.py,15-2-5-a10-i1.json,15,2,5,10,1,2847,2847,0,1,0.219,0.033,0.165,0,10,2847
LBBD3.py,15-2-5-a10-i3.json,15,2,5,10,3,3191,3191,0,1,0.265,0.044,0.187,0,7,3191
LBBD3.py,15-3-3-a10-i3.json,15,3,3,10,3,2995,2995,0,1,0.295,0.049,0.226,0,7,2995
LBBD3.py,15-3-3-a100-i3.json,15,3,3,100,3,2995,2995,0,1,0.283,0.029,0.234,0,7,2995
LBBD3.py,15-3-4-a10-i3.json,15,3,4,10,3,3195,3195,0,1,0.242,0.042,0.173,0,6,3195
LBBD3.py,15-3-4-a100-i3.json,15,3,4,100,3,3195,3195,0,1,0.282,0.05,0.183,0,6,3195
LBBD3.py,15-3-5-a10-i3.json,15,3,5,10,3,3133,3133,0,1,0.356,0.051,0.263,0,6,3133
LBBD3.py,15-3-5-a100-i1.json,15,3,5,100,1,2606,2606,0,1,0.402,0.054,0.285,0,8,2606
LBBD3.py,15-4-3-a10-i1.json,15,4,3,10,1,2678,2678,0,1,0.324,0.05,0.241,0,8,2678
LBBD3.py,15-4-3-a100-i3.json,15,4,3,100,3,3072,3072,0,1,0.384,0.035,0.316,0,3,3072
LBBD3.py,15-4-4-a0.1-i1.json,15,4,4,0.1,1,2228,2228,0,1,0.429,0.054,0.325,0,8,2228
LBBD3.py,15-4-4-a10-i1.json,15,4,4,10,1,2228,2228,0,1,0.413,0.051,0.327,0,8,2228
LBBD3.py,15-4-5-a10-i1.json,15,4,5,10,1,2412,2412,0,1,0.452,0.074,0.326,0,9,2412
LBBD3.py,15-4-5-a10-i3.json,15,4,5,10,3,3150,3150,0,1,0.444,0.055,0.256,0,3,3150
LBBD3.py,20-2-3-a10-i3.json,20,2,3,10,3,3986,3986,0,2,0.537,0.079,0.35,0.088,13,3986
LBBD3.py,20-2-3-a100-i1.json,20,2,3,100,1,3351,3351,0,1,0.243,0.047,0.173,0,13,3351
LBBD3.py,20-2-4-a10-i1.json,20,2,4,10,1,3483,3483,0,1,0.265,0.05,0.175,0,14,3483
LBBD3.py,20-2-4-a100-i1.json,20,2,4,100,1,3483,3483,0,1,0.28,0.033,0.171,0,14,3483
LBBD3.py,20-2-5-a10-i2.json,20,2,5,10,2,3700,3700,0,1,0.319,0.032,0.165,0.093,14,3700
LBBD3.py,20-2-5-a100-i3.json,20,2,5,100,3,3904,3904,0,1,0.255,0.034,0.188,0,12,3904
LBBD3.py,20-3-3-a10-i1.json,20,3,3,10,1,3041,3041,0,1,0.318,0.044,0.235,0,13,3041
LBBD3.py,20-3-3-a100-i2.json,20,3,3,100,2,3275,3275,0,1,0.33,0.036,0.261,0,10,3275
LBBD3.py,20-3-4-a10-i1.json,20,3,4,10,1,3003,3003,0,1,0.328,0.04,0.248,0,12,3003
LBBD3.py,20-3-4-a100-i3.json,20,3,4,100,3,3870,3870,0,1,0.386,0.064,0.268,0,12,3870
LBBD3.py,20-3-5-a0.1-i3.json,20,3,5,0.1,3,4167,4167,0,257,547.195,383.751,61.537,101.669,15,4167
LBBD3.py,20-3-5-a10-i2.json,20,3,5,10,2,3421,3421,0,59,47.447,10.806,15.421,21.121,11,3421
LBBD3.py,20-4-3-a0.1-i2.json,20,4,3,0.1,2,3761,3761,0,53,68.009,32.28,17.641,17.998,10,3761
LBBD3.py,20-4-3-a1-i2.json,20,4,3,1,2,3773,3773,0,70,111.781,64.975,23.422,23.183,9,3773
LBBD3.py,20-4-4-a0.1-i2.json,20,4,4,0.1,2,3644,3644,0,64,98.982,50.375,20.255,28.226,11,3644
LBBD3.py,20-4-4-a1-i1.json,20,4,4,1,1,3091,3091,0,1,0.484,0.071,0.331,0,14,3091
LBBD3.py,20-4-5-a10-i3.json,20,4,5,10,3,3364,3364,0,1,0.384,0.059,0.251,0,9,3364
LBBD3.py,20-4-5-a100-i3.json,20,4,5,100,3,3364,3364,0,1,0.395,0.067,0.255,0,9,3364
LBBD3.py,25-2-3-a10-i1.json,25,2,3,10,1,4670,4670,0,1,0.244,0.038,0.18,0,14,4670
LBBD3.py,25-2-3-a100-i3.json,25,2,3,100,3,4446,4446,0,1,0.221,0.04,0.159,0,19,4446
LBBD3.py,25-2-4-a1-i2.json,25,2,4,1,2,5887,5573,0.053337863,156,606.115,492.517,26.236,87.206,19,5573
LBBD3.py,25-2-4-a10-i2.json,25,2,4,10,2,5188,5188,0,79,67.021,12.045,22.021,32.856,11,5188
LBBD3.py,25-2-5-a0.1-i2.json,25,2,5,0.1,2,5857,5335,0.089112412,614,600.516,0.125,100.963,60.174,17,5335
LBBD3.py,25-2-5-a1-i1.json,25,2,5,1,1,4899,4739,0.032659726,182,604.026,441.698,35.314,126.82,19,4741
LBBD3.py,25-3-3-a0.1-i2.json,25,3,3,0.1,2,5495,5314,0.032939035,142,605.178,506.888,36.794,61.301,16,5314
LBBD3.py,25-3-3-a1-i2.json,25,3,3,1,2,5596,5431,0.029485347,104,601.351,524.236,26.93,50.033,17,5432
LBBD3.py,25-3-4-a0.1-i1.json,25,3,4,0.1,1,4499,4442,0.012669482,136,603.231,496.91,34.919,71.213,16,4443
LBBD3.py,25-3-4-a1-i2.json,25,3,4,1,2,5235,5056,0.034192932,132,604.006,480.552,38.616,84.671,17,5057
LBBD3.py,25-3-5-a1-i1.json,25,3,5,1,1,4697,4691,0.001277411,198,607.527,483.03,51.36,72.9,19,4691
LBBD3.py,25-3-5-a1-i2.json,25,3,5,1,2,5741,5451,0.050513848,132,600.381,469.061,40.554,90.535,17,5454
LBBD3.py,25-4-3-a0.1-i1.json,25,4,3,0.1,1,4393,4393,0,136,602.18,506.071,43.775,52.144,15,4393
LBBD3.py,25-4-3-a1-i1.json,25,4,3,1,1,4271,4271,0,39,71.822,44.72,11.573,15.415,16,4271
LBBD3.py,25-4-4-a1-i1.json,25,4,4,1,1,4606,4606,0,163,336.809,224.673,58.112,53.766,16,4606
LBBD3.py,25-4-4-a1-i2.json,25,4,4,1,2,4990,4843,0.029458918,88,602.931,526.386,30.006,46.355,15,4847
LBBD3.py,25-4-5-a0.1-i2.json,25,4,5,0.1,2,5212,4787,0.081542594,99,606.692,496.588,35.302,74.602,16,4792
LBBD3.py,25-4-5-a1-i1.json,25,4,5,1,1,4556,4454,0.02238806,223,602.955,426.146,78.189,98.207,17,4459
LBBD3.py,30-3-6-a10-i3.json,30,3,6,10,3,5226,5226,0,6,4.525,0.613,2.176,1.641,15,5226
LBBD3.py,30-3-6-a100-i3.json,30,3,6,100,3,5218,5218,0,1,0.519,0.111,0.311,0,14,5218
LBBD3.py,30-3-7-a0.1-i3.json,30,3,7,0.1,3,6267,5201,0.170097335,314,1804.291,1180.432,204.696,418.722,23,5190
LBBD3.py,30-3-7-a100-i1.json,30,3,7,100,1,5184,5184,0,1,0.53,0.109,0.329,0,14,5184
LBBD3.py,30-3-8-a0.1-i1.json,30,3,8,0.1,1,6012,5864,0.024617432,307,1806.62,864.74,501.248,440.196,17,5857
LBBD3.py,30-3-8-a10-i3.json,30,3,8,10,3,5276,5276,0,19,41.685,3.554,21.651,16.345,16,5276
LBBD3.py,30-4-6-a1-i3.json,30,4,6,1,3,5505,4956,0.09972752,222,1815.697,1524.351,94.767,196.212,20,4942
LBBD3.py,30-4-6-a100-i3.json,30,4,6,100,3,4603,4603,0,1,2.15,0.129,1.892,0,12,4603
LBBD3.py,30-4-7-a0.1-i2.json,30,4,7,0.1,2,7364,6190,0.159424226,248,1807.972,1102.665,267.787,437.024,22,6185
LBBD3.py,30-4-7-a1-i2.json,30,4,7,1,2,7131,6183,0.132940682,248,1804.516,1121.857,273.319,408.801,20,6180
LBBD3.py,30-4-8-a1-i3.json,30,4,8,1,3,5559,5006,0.099478323,314,1804.139,1038.149,395.659,369.72,22,4999
LBBD3.py,30-4-8-a10-i3.json,30,4,8,10,3,4849,4849,0,165,303.105,77.063,138.485,86.988,15,4849
LBBD3.py,30-5-6-a0.1-i1.json,30,5,6,0.1,1,5665,5360,0.053839365,201,1801.3,1509.611,100.054,191.159,18,5352
LBBD3.py,30-5-6-a10-i3.json,30,5,6,10,3,4986,4986,0,254,637.652,295.287,201.179,140.583,15,4986
LBBD3.py,30-5-7-a0.1-i1.json,30,5,7,0.1,1,5585,5269,0.056580125,283,1802.175,1177.435,341.327,282.81,16,5263
LBBD3.py,30-5-7-a1-i1.json,30,5,7,1,1,5778,5310,0.08099688,181,1824.562,1437.835,183.471,202.85,20,5314
LBBD3.py,30-5-8-a1-i3.json,30,5,8,1,3,4997,4862,0.02701621,354,1811.395,1472.688,165.675,172.385,19,4855
LBBD3.py,30-5-8-a10-i3.json,30,5,8,10,3,4639,4639,0,23,22.661,7.078,9.442,5.769,16,4639
LBBD3.py,50-3-6-a0.1-i3.json,50,3,6,0.1,3,11789,9622,0.183815421,124,1812.21,985.165,345.836,480.725,43,9619
LBBD3.py,50-3-6-a1-i3.json,50,3,6,1,3,11813,9625,0.185219673,125,1820.05,989.037,349.26,481.263,44,9623
LBBD3.py,50-3-7-a0.1-i3.json,50,3,7,0.1,3,11973,9275,0.225340349,66,1850.416,1007.004,456.233,386.862,44,9275
LBBD3.py,50-3-7-a100-i3.json,50,3,7,100,3,8974,8974,0,1,17.379,0.194,17.007,0,18,8974
LBBD3.py,50-3-8-a0.1-i1.json,50,3,8,0.1,1,10157,8525,0.160677365,243,1802.615,1126.706,267.058,408.269,42,8514
LBBD3.py,50-3-8-a100-i2.json,50,3,8,100,2,8893,8893,0,1,53.963,0.205,53.57,0,25,8893
LBBD3.py,50-4-6-a0.1-i2.json,50,4,6,0.1,2,11168,8493,0.239523638,67,1809.504,1593.008,61.65,154.397,41,8495
LBBD3.py,50-4-6-a1-i2.json,50,4,6,1,2,10659,8550,0.197860963,32,778.511,678.858,34.011,65.36,40,
LBBD3.py,50-4-7-a10-i2.json,50,4,7,10,2,8579,8144,0.05070521,40,1834.428,24.616,828.384,981.059,26,8146
LBBD3.py,50-4-7-a100-i1.json,50,4,7,100,1,7961,7961,0,1,0.955,0.281,0.441,0,25,7961
LBBD3.py,50-4-8-a10-i2.json,50,4,8,10,2,8869,8236,0.071372195,126,1810.611,197.546,721.914,890.551,29,8236
LBBD3.py,50-4-8-a100-i1.json,50,4,8,100,1,7956,7956,0,1,1.558,0.313,0.836,0,25,7956
LBBD3.py,50-5-6-a1-i2.json,50,5,6,1,2,10323,8490,0.177564661,87,1810.123,1573.472,71.18,165.085,38,8483
LBBD3.py,50-5-6-a100-i3.json,50,5,6,100,3,8607,8607,0,1,1.728,0.321,1.173,0,19,8607
LBBD3.py,50-5-7-a0.1-i3.json,50,5,7,0.1,3,10171,8825,0.132337042,133,1804.257,1469.409,103.446,230.906,34,8825
LBBD3.py,50-5-7-a1-i2.json,50,5,7,1,2,10009,8259,0.174842642,113,1828.288,1526.309,104.048,197.45,38,8252
LBBD3.py,50-5-8-a1-i1.json,50,5,8,1,1,9102,8337,0.084047462,163,1802.411,1487.261,104.052,210.445,37,8326
LBBD3.py,50-5-8-a100-i2.json,50,5,8,100,2,8059,8059,0,1,1.25,0.4,0.517,0,23,8059
LBBD3.py,70-3-6-a1-i1.json,70,3,6,1,1,15123,12181,0.194538121,50,1841.061,1541.084,105.315,194.339,61,
LBBD3.py,70-3-6-a100-i2.json,70,3,6,100,2,11550,11550,0,1,2.033,0.241,1.605,0,30,11550
LBBD3.py,70-3-7-a0.1-i1.json,70,3,7,0.1,1,15873,12325,0.223524223,32,1821.656,1110.971,292.968,417.461,64,12328
LBBD3.py,70-3-7-a1-i2.json,70,3,7,1,2,15543,12162,0.217525574,32,1848.522,1578.858,171.111,98.06,61,
LBBD3.py,70-3-8-a0.1-i3.json,70,3,8,0.1,3,16681,12538,0.248366405,31,1817.133,195.939,579.33,1041.413,62,12534
LBBD3.py,70-3-8-a100-i1.json,70,3,8,100,1,12746,12746,0,3,174.355,1.091,90.276,82.721,37,12746
LBBD3.py,70-4-6-a1-i1.json,70,4,6,1,1,15219,12169,0.200407386,29,1827.312,1742.262,20.569,64.065,62,
LBBD3.py,70-4-6-a10-i2.json,70,4,6,10,2,13058,11442,0.123755552,67,1828.42,103.85,268.03,1456.038,45,11442
LBBD3.py,70-4-7-a0.1-i3.json,70,4,7,0.1,3,16084,12487,0.223638398,34,1832.937,428.013,801.503,603.024,61,12483
LBBD3.py,70-4-7-a10-i3.json,70,4,7,10,3,13085,12351,0.056094765,90,1804.184,200.681,700.877,902.079,41,12350
LBBD3.py,70-4-8-a0.1-i2.json,70,4,8,0.1,2,15384,11738,0.236999481,28,1823.354,1586.946,101.327,134.674,59,11738
LBBD3.py,70-4-8-a100-i1.json,70,4,8,100,1,11915,11915,0,16,706.7,11.203,514.816,180.159,32,11915
LBBD3.py,70-5-6-a1-i1.json,70,5,6,1,1,14354,12263,0.14567368,74,1824.071,1487.536,92.76,243.122,57,
LBBD3.py,70-5-6-a100-i3.json,70,5,6,100,3,11342,11342,0,1,5.587,0.64,4.543,0,29,11342
LBBD3.py,70-5-7-a1-i1.json,70,5,7,1,1,14646,11405,0.221289089,41,1815.083,1473.604,166.443,174.38,58,
LBBD3.py,70-5-7-a10-i3.json,70,5,7,10,3,11853,11708,0.01223319,114,1804.125,247.999,771.034,784.468,37,11705
LBBD3.py,70-5-8-a10-i2.json,70,5,8,10,2,12175,11083,0.089691992,97,1814.498,983.013,509.858,320.72,41,
LBBD3.py,70-5-8-a100-i1.json,70,5,8,100,1,11648,11648,0,1,2.463,0.587,1.44,0,32,11648
