算法,实例名称,工件数,工厂数,工序数,Alpha,实例序号,目标值,下界,Gap,迭代次数,总求解时间(s),主问题时间(s),子问题阶段1时间(s),子问题阶段2时间(s),拒绝订单个数
LBBD31noub.py,5-2-3-a1-i2.json,5,2,3,1,2,1173,1173,0,1,0.296,0.04,0.165,0,4
LBBD31noub.py,5-2-3-a1-i3.json,5,2,3,1,3,1206,1206,0,1,0.513,0.05,0.411,0,3
LBBD31noub.py,5-2-4-a0.1-i1.json,5,2,4,0.1,1,1318,1318,0,1,0.6,0.04,0.513,0,2
LBBD31noub.py,5-2-4-a100-i1.json,5,2,4,100,1,1279,1279,0,1,0.264,0.041,0.175,0,2
LBBD31noub.py,5-2-5-a0.1-i1.json,5,2,5,0.1,1,1217,1217,0,1,0.478,0.072,0.375,0,1
LBBD31noub.py,5-2-5-a10-i1.json,5,2,5,10,1,1217,1217,0,1,0.575,0.027,0.441,0,1
LBBD31noub.py,5-3-3-a1-i1.json,5,3,3,1,1,796,796,0,1,0.758,0.084,0.586,0,2
LBBD31noub.py,5-3-3-a100-i2.json,5,3,3,100,2,938,938,0,1,0.51,0.053,0.377,0,1
LBBD31noub.py,5-3-4-a1-i3.json,5,3,4,1,3,1194,1194,0,1,0.346,0.054,0.226,0,4
LBBD31noub.py,5-3-4-a10-i3.json,5,3,4,10,3,1107,1107,0,1,0.311,0.104,0.159,0,3
LBBD31noub.py,5-3-5-a10-i2.json,5,3,5,10,2,1117,1117,0,1,0.621,0.109,0.398,0,2
LBBD31noub.py,5-3-5-a100-i2.json,5,3,5,100,2,1117,1117,0,1,0.602,0.154,0.369,0,2
LBBD31noub.py,5-4-3-a10-i1.json,5,4,3,10,1,832,832,0,1,0.377,0.046,0.241,0,2
LBBD31noub.py,5-4-3-a100-i1.json,5,4,3,100,1,832,832,0,1,0.34,0.081,0.17,0,2
LBBD31noub.py,5-4-4-a1-i1.json,5,4,4,1,1,798,798,0,1,0.489,0.048,0.296,0,2
LBBD31noub.py,5-4-4-a10-i3.json,5,4,4,10,3,1124,1124,0,1,0.769,0.056,0.564,0,1
LBBD31.py,5-4-5-a0.1-i2.json,5,4,5,0.1,2,989,989,0,1,0.643,0.135,0.421,0,2
LBBD31.py,5-4-5-a1-i2.json,5,4,5,1,2,989,989,0,1,0.515,0.132,0.292,0,2
LBBD31.py,10-2-3-a10-i3.json,10,2,3,10,3,2294,2294,0,1,0.615,0.144,0.403,0,6
LBBD31.py,10-2-3-a100-i1.json,10,2,3,100,1,2316,2316,0,1,0.345,0.117,0.158,0,5
LBBD31.py,10-2-4-a100-i2.json,10,2,4,100,2,2007,2007,0,1,0.45,0.04,0.347,0,4
LBBD31.py,10-2-4-a100-i3.json,10,2,4,100,3,2258,2258,0,1,0.483,0.075,0.328,0,3
LBBD31.py,10-2-5-a1-i1.json,10,2,5,1,1,2244,2244,0,1,0.472,0.073,0.333,0,6
LBBD31.py,10-2-5-a100-i1.json,10,2,5,100,1,2244,2244,0,1,0.491,0.063,0.344,0,6
LBBD31.py,10-3-3-a100-i2.json,10,3,3,100,2,2153,2153,0,1,0.806,0.136,0.559,0,3
LBBD31.py,10-3-3-a100-i3.json,10,3,3,100,3,1907,1907,0,1,0.797,0.099,0.511,0,5
LBBD31.py,10-3-4-a10-i3.json,10,3,4,10,3,1767,1767,0,1,0.733,0.078,0.555,0,3
LBBD31.py,10-3-4-a100-i1.json,10,3,4,100,1,2029,2029,0,1,0.553,0.066,0.345,0,4
LBBD31.py,10-3-5-a100-i1.json,10,3,5,100,1,2083,2083,0,1,0.837,0.149,0.51,0,5
LBBD31.py,10-3-5-a100-i2.json,10,3,5,100,2,1965,1965,0,1,0.693,0.07,0.511,0,3
LBBD31.py,10-4-3-a0.1-i1.json,10,4,3,0.1,1,1767,1767,0,1,0.993,0.188,0.679,0,5
LBBD31.py,10-4-3-a10-i1.json,10,4,3,10,1,1760,1760,0,1,0.785,0.093,0.601,0,5
LBBD31.py,10-4-4-a10-i2.json,10,4,4,10,2,1825,1825,0,1,0.956,0.102,0.679,0,3
LBBD31.py,10-4-4-a100-i3.json,10,4,4,100,3,1913,1913,0,1,0.79,0.065,0.597,0,5
LBBD31.py,10-4-5-a1-i3.json,10,4,5,1,3,1846,1846,0,5,4.699,1.121,3.282,0,4
LBBD31.py,10-4-5-a100-i2.json,10,4,5,100,2,1900,1900,0,1,0.708,0.099,0.482,0,4
LBBD31.py,15-2-3-a1-i1.json,15,2,3,1,1,3040,3040,0,3,1.619,0.449,1.027,0,11
LBBD31.py,15-2-3-a100-i2.json,15,2,3,100,2,2764,2764,0,1,0.489,0.059,0.336,0,6
LBBD31.py,15-2-4-a10-i1.json,15,2,4,10,1,2538,2538,0,1,0.666,0.165,0.401,0,8
LBBD31.py,15-2-4-a100-i3.json,15,2,4,100,3,3098,3098,0,1,0.612,0.17,0.319,0,9
LBBD31.py,15-2-5-a10-i1.json,15,2,5,10,1,2847,2847,0,1,0.639,0.138,0.316,0,10
LBBD31.py,15-2-5-a10-i3.json,15,2,5,10,3,3191,3191,0,1,0.68,0.15,0.359,0,7
LBBD31.py,15-3-3-a10-i3.json,15,3,3,10,3,2995,2995,0,1,0.884,0.251,0.459,0,7
LBBD31.py,15-3-3-a100-i3.json,15,3,3,100,3,2995,2995,0,1,0.848,0.187,0.506,0,7
LBBD31.py,15-3-4-a10-i3.json,15,3,4,10,3,3195,3195,0,1,0.517,0.101,0.316,0,6
LBBD31.py,15-3-4-a100-i3.json,15,3,4,100,3,3195,3195,0,1,0.575,0.105,0.354,0,6
LBBD31.py,15-3-5-a10-i3.json,15,3,5,10,3,3133,3133,0,1,0.671,0.105,0.453,0,6
LBBD31.py,15-3-5-a100-i1.json,15,3,5,100,1,2606,2606,0,1,0.666,0.089,0.486,0,8
LBBD31.py,15-4-3-a10-i1.json,15,4,3,10,1,2678,2678,0,1,0.641,0.12,0.412,0,8
LBBD31.py,15-4-3-a100-i3.json,15,4,3,100,3,3072,3072,0,1,0.734,0.079,0.569,0,3
LBBD31.py,15-4-4-a0.1-i1.json,15,4,4,0.1,1,2228,2228,0,1,0.827,0.136,0.556,0,8
LBBD31.py,15-4-4-a10-i1.json,15,4,4,10,1,2228,2228,0,1,6.45,0.135,6.19,0,8
LBBD31.py,15-4-5-a10-i1.json,15,4,5,10,1,2412,2412,0,1,0.82,0.137,0.516,0,9
LBBD31.py,15-4-5-a10-i3.json,15,4,5,10,3,3150,3150,0,1,4.054,0.133,3.746,0,3
LBBD31.py,20-2-3-a10-i3.json,20,2,3,10,3,3986,3986,0,2,0.814,0.166,0.568,0,13
LBBD31.py,20-2-3-a100-i1.json,20,2,3,100,1,3351,3351,0,1,0.419,0.084,0.261,0,13
LBBD31.py,20-2-4-a10-i1.json,20,2,4,10,1,3483,3483,0,1,0.398,0.068,0.263,0,14
LBBD31.py,20-2-4-a100-i1.json,20,2,4,100,1,3483,3483,0,1,0.429,0.067,0.267,0,14
LBBD31.py,20-2-5-a10-i2.json,20,2,5,10,2,3700,3700,0,2,0.771,0.156,0.52,0,14
LBBD31.py,20-2-5-a100-i3.json,20,2,5,100,3,3904,3904,0,1,0.473,0.08,0.276,0,12
LBBD31.py,20-3-3-a10-i1.json,20,3,3,10,1,3041,3041,0,1,0.622,0.095,0.405,0,13
LBBD31.py,20-3-3-a100-i2.json,20,3,3,100,2,3275,3275,0,1,0.77,0.097,0.536,0,10
LBBD31.py,20-3-4-a10-i1.json,20,3,4,10,1,3003,3003,0,1,0.674,0.101,0.448,0,12
LBBD31.py,20-3-4-a100-i3.json,20,3,4,100,3,3870,3870,0,1,0.697,0.108,0.466,0,12
LBBD31.py,20-3-5-a0.1-i3.json,20,3,5,0.1,3,4780,4152,0.131380753,221,601.429,505.72,94.947,0,20
LBBD31.py,20-3-5-a10-i2.json,20,3,5,10,2,3421,3421,0,78,95.764,39.413,50.616,0,11
LBBD31.py,20-4-3-a0.1-i2.json,20,4,3,0.1,2,3761,3761,0,59,128.143,82.448,43.56,0,10
LBBD31.py,20-4-3-a1-i2.json,20,4,3,1,2,3773,3773,0,78,205.196,149.309,54.245,0,9
LBBD31.py,20-4-4-a0.1-i2.json,20,4,4,0.1,2,3644,3644,0,98,226.337,163.308,61.659,0,11
LBBD31.py,20-4-4-a1-i1.json,20,4,4,1,1,3091,3091,0,1,4.691,0.135,4.363,0,14
LBBD31.py,20-4-5-a10-i3.json,20,4,5,10,3,3364,3364,0,1,0.771,0.14,0.458,0,9
LBBD31.py,20-4-5-a100-i3.json,20,4,5,100,3,3364,3364,0,1,0.821,0.134,0.462,0,9
LBBD31.py,25-2-3-a10-i1.json,25,2,3,10,1,4670,4670,0,1,0.468,0.09,0.274,0,14
LBBD31.py,25-2-3-a100-i3.json,25,2,3,100,3,4446,4446,0,1,0.491,0.102,0.29,0,19
LBBD31.py,25-2-4-a1-i2.json,25,2,4,1,2,7300,5547,0.240136986,138,600.241,555.699,43.085,0,25
LBBD31.py,25-2-4-a10-i2.json,25,2,4,10,2,5188,5188,0,95,117.679,31.442,84.243,0,11
LBBD31.py,25-2-5-a0.1-i2.json,25,2,5,0.1,2,7300,5457,0.252465753,254,601.53,484.411,113.439,0,25
LBBD31.py,25-2-5-a1-i1.json,25,2,5,1,1,5930,4725,0.203204047,169,605.543,546.463,57.684,0,25
LBBD31.py,25-3-3-a0.1-i2.json,25,3,3,0.1,2,6990,5285,0.243919886,111,602.448,553.425,48.491,0,25
LBBD31.py,25-3-3-a1-i2.json,25,3,3,1,2,6990,5407,0.226466381,81,608.012,570.709,36.884,0,25
LBBD31.py,25-3-4-a0.1-i1.json,25,3,4,0.1,1,6070,4411,0.273311367,119,602.037,541.102,55.164,0,25
LBBD31.py,25-3-4-a1-i2.json,25,3,4,1,2,6990,5035,0.279685265,118,600.842,533.07,67.118,0,25
LBBD31.py,25-3-5-a1-i1.json,25,3,5,1,1,6070,4656,0.232948929,137,602.606,515.802,74.483,0,25
LBBD31.py,25-3-5-a1-i2.json,25,3,5,1,2,6990,5434,0.22260372,108,606.066,545.413,60.035,0,25
LBBD31.py,25-4-3-a0.1-i1.json,25,4,3,0.1,1,6180,4359,0.294660194,110,609.426,540.87,67.911,0,25
LBBD31.py,25-4-3-a1-i1.json,25,4,3,1,1,4271,4271,0,39,134.283,111.232,22.099,0,16
LBBD31.py,25-4-4-a1-i1.json,25,4,4,1,1,6180,4591,0.257119741,203,602.859,455.625,146.239,0,25
LBBD31.py,25-4-4-a1-i2.json,25,4,4,1,2,6860,4810,0.298833819,65,601.153,561.626,39.015,0,25
LBBD31.py,25-4-5-a0.1-i2.json,25,4,5,0.1,2,6860,4752,0.30728863,87,614.146,551.713,61.73,0,25
LBBD31.py,25-4-5-a1-i1.json,25,4,5,1,1,6180,4430,0.283171521,160,604.332,500.908,102.507,0,25
LBBD31noub.py,30-3-6-a10-i3.json,30,3,6,10,3,5226,5226,0,7,3.307,0.723,2.487,0,15
LBBD31noub.py,30-3-6-a100-i3.json,30,3,6,100,3,5218,5218,0,1,0.546,0.111,0.309,0,14
LBBD31noub.py,30-3-7-a0.1-i3.json,30,3,7,0.1,3,7840,5180,0.339285714,275,1804.075,1636.152,167.379,0,30
LBBD31noub.py,30-3-7-a100-i1.json,30,3,7,100,1,5184,5184,0,1,0.51,0.092,0.32,0,14
LBBD31noub.py,30-3-8-a0.1-i1.json,30,3,8,0.1,1,7960,5861,0.263693467,337,1800.61,1317.115,482.842,0,30
LBBD31noub.py,30-3-8-a10-i3.json,30,3,8,10,3,5276,5276,0,21,26.138,4.41,21.577,0,16
LBBD31noub.py,30-4-6-a1-i3.json,30,4,6,1,3,7660,4922,0.357441253,217,1802.858,1716.728,85.583,0,30
LBBD31noub.py,30-4-6-a100-i3.json,30,4,6,100,3,4603,4603,0,1,1.696,0.105,1.475,0,12
LBBD31noub.py,30-4-7-a0.1-i2.json,30,4,7,0.1,2,8750,6184,0.293257143,250,1802.485,1565.666,236.173,0,30
LBBD31noub.py,30-4-7-a1-i2.json,30,4,7,1,2,8750,6180,0.293714286,251,1811.454,1565.682,245.037,0,30
LBBD31noub.py,30-4-8-a1-i3.json,30,4,8,1,3,7660,4999,0.347389034,323,1810.768,1502.396,307.68,0,30
LBBD31noub.py,30-4-8-a10-i3.json,30,4,8,10,3,4849,4849,0,161,199.685,88.889,110.437,0,15
LBBD31noub.py,30-5-6-a0.1-i1.json,30,5,6,0.1,1,8050,5340,0.336645963,218,1820.759,1729.967,90.241,0,30
LBBD31noub.py,30-5-6-a10-i3.json,30,5,6,10,3,4986,4986,0,324,762.355,558.84,202.878,0,15
LBBD31noub.py,30-5-7-a0.1-i1.json,30,5,7,0.1,1,8050,5260,0.346583851,316,1810.787,1513.864,296.183,0,30
LBBD31noub.py,30-5-7-a1-i1.json,30,5,7,1,1,8050,5309,0.340496894,191,1809.596,1641.517,167.457,0,30
LBBD31noub.py,30-5-8-a1-i3.json,30,5,8,1,3,7490,4847,0.352870494,280,1805.367,1674.777,129.787,0,30
LBBD31noub.py,30-5-8-a10-i3.json,30,5,8,10,3,4639,4639,0,25,17.642,7.392,10.011,0,16
LBBD31noub.py,50-3-6-a0.1-i3.json,50,3,6,0.1,3,13460,9625,0.284918276,166,1804.569,1410.089,393.911,0,50
LBBD31noub.py,50-3-6-a1-i3.json,50,3,6,1,3,13460,9630,0.284546805,168,1824.965,1405.673,418.725,0,50
LBBD31noub.py,50-3-7-a0.1-i3.json,50,3,7,0.1,3,13460,9278,0.310698366,79,1831.656,1357.515,473.738,0,50
LBBD31noub.py,50-3-7-a100-i3.json,50,3,7,100,3,8974,8974,0,1,15.301,0.182,14.895,0,18
LBBD31noub.py,50-3-8-a0.1-i1.json,50,3,8,0.1,1,11830,8523,0.279543533,276,1811.823,1557.647,253.342,0,50
LBBD31noub.py,50-3-8-a100-i2.json,50,3,8,100,2,8893,8893,0,1,45.891,0.177,45.439,0,25
LBBD31noub.py,50-4-6-a0.1-i2.json,50,4,6,0.1,2,13250,8494,0.358943396,59,864.874,819.317,45.242,0,50
LBBD31noub.py,50-4-6-a1-i2.json,50,4,6,1,2,13250,8572,0.353056604,47,932.655,885.246,47.105,0,50
LBBD31noub.py,50-4-7-a10-i2.json,50,4,7,10,2,13250,8158,0.384301887,98,1805.32,58.527,1746.409,0,50
LBBD31noub.py,50-4-7-a100-i1.json,50,4,7,100,1,7961,7961,0,1,1.077,0.296,0.488,0,25
LBBD31noub.py,50-4-8-a10-i2.json,50,4,8,10,2,13250,8239,0.378188679,207,1810.311,672.245,1137.296,0,50
LBBD31noub.py,50-4-8-a100-i1.json,50,4,8,100,1,7956,7956,0,1,1.667,0.308,0.995,0,25
LBBD31noub.py,50-5-6-a1-i2.json,50,5,6,1,2,13110,8468,0.354080854,69,1298.885,1237.959,60.264,0,50
LBBD31noub.py,50-5-6-a100-i3.json,50,5,6,100,3,8607,8607,0,1,1.932,0.333,1.326,0,19
LBBD31noub.py,50-5-7-a0.1-i3.json,50,5,7,0.1,3,13240,8833,0.332854985,128,1833.396,1724.7,107.956,0,50
LBBD31noub.py,50-5-7-a1-i2.json,50,5,7,1,2,13110,8249,0.37078566,119,1832.996,1718.212,114.029,0,50
LBBD31noub.py,50-5-8-a1-i1.json,50,5,8,1,1,11840,8321,0.297212838,166,1814.657,1701.412,112.361,0,50
LBBD31noub.py,50-5-8-a100-i2.json,50,5,8,100,2,8059,8059,0,1,1.29,0.389,0.569,0,23
LBBD31noub.py,70-3-6-a1-i1.json,70,3,6,1,1,17480,12379,0.291819222,66,1744.119,1608.03,135.609,0,70
LBBD31noub.py,70-3-6-a100-i2.json,70,3,6,100,2,11550,11550,0,1,2.49,0.278,1.99,0,30
LBBD31noub.py,70-3-7-a0.1-i1.json,70,3,7,0.1,1,17480,12361,0.29284897,40,1336.444,865.686,470.375,0,70
LBBD31noub.py,70-3-7-a1-i2.json,70,3,7,1,2,17850,12240,0.314285714,16,505.941,412.753,92.587,0,70
LBBD31noub.py,70-3-8-a0.1-i3.json,70,3,8,0.1,3,18920,12554,0.336469345,51,1810.818,640.089,1170.258,0,70
LBBD31noub.py,70-3-8-a100-i1.json,70,3,8,100,1,12746,12746,0,5,171.015,1.924,168.723,0,37
LBBD31noub.py,70-4-6-a1-i1.json,70,4,6,1,1,17110,12432,0.273407,30,1812.238,608.02,1204.017,0,70
LBBD31noub.py,70-4-6-a10-i2.json,70,4,6,10,2,18260,11470,0.371851041,230,1805.162,902.392,901.665,0,70
LBBD31noub.py,70-4-7-a0.1-i3.json,70,4,7,0.1,3,18380,12496,0.320130577,47,1834.247,841.61,992.107,0,70
LBBD31noub.py,70-4-7-a10-i3.json,70,4,7,10,3,18380,12357,0.327693145,170,1803.92,533.551,1269.334,0,70
LBBD31noub.py,70-4-8-a0.1-i2.json,70,4,8,0.1,2,18260,11929,0.346714129,4,155.382,145.746,9.247,0,70
LBBD31noub.py,70-4-8-a100-i1.json,70,4,8,100,1,11915,11915,0,17,567.497,10.364,556.541,0,32
LBBD31noub.py,70-5-6-a1-i1.json,70,5,6,1,1,17250,12272,0.28857971,111,1814.097,1681.204,131.886,0,70
LBBD31noub.py,70-5-6-a100-i3.json,70,5,6,100,3,11342,11342,0,1,5.612,0.589,4.674,0,29
LBBD31noub.py,70-5-7-a1-i1.json,70,5,7,1,1,17250,11551,0.330376812,30,737.13,609.895,126.663,0,70
LBBD31noub.py,70-5-7-a10-i3.json,70,5,7,10,3,18060,11712,0.351495017,175,1802.475,617.185,1184.219,0,70
LBBD31noub.py,70-5-8-a10-i2.json,70,5,8,10,2,18390,11086,0.397172376,129,1808.647,1055.837,751.767,0,70
LBBD31noub.py,70-5-8-a100-i1.json,70,5,8,100,1,11648,11648,0,1,3.037,0.674,1.884,0,32
