算法,实例名称,工件数,工厂数,工序数,Alpha,实例序号,状态,目标值,下界,Gap,总求解时间(s),日志路径
MIBS,5-2-3-a0.1-i1.json,5,2,3,0.1,1,TerminationCondition.optimal,1200.0,1200.0,0.0,16.583,batch_test_results_custom/logs/mibs_5-2-3-a0.1-i1.json.log
MIBS,5-2-3-a0.1-i2.json,5,2,3,0.1,2,TerminationCondition.optimal,1146.0,1146.0,0.0,0.61,batch_test_results_custom/logs/mibs_5-2-3-a0.1-i2.json.log
MIBS,5-2-3-a0.1-i3.json,5,2,3,0.1,3,TerminationCondition.optimal,1214.0,1214.0,0.0,0.663,batch_test_results_custom/logs/mibs_5-2-3-a0.1-i3.json.log
MIBS,5-2-3-a1-i1.json,5,2,3,1.0,1,TerminationCondition.optimal,1200.0,1200.0,0.0,15.676,batch_test_results_custom/logs/mibs_5-2-3-a1-i1.json.log
MIBS,5-2-3-a1-i2.json,5,2,3,1.0,2,TerminationCondition.optimal,1173.0,1173.0,0.0,0.647,batch_test_results_custom/logs/mibs_5-2-3-a1-i2.json.log
MIBS,5-2-3-a1-i3.json,5,2,3,1.0,3,TerminationCondition.optimal,1206.0,1206.0,0.0,0.424,batch_test_results_custom/logs/mibs_5-2-3-a1-i3.json.log
MIBS,5-2-3-a10-i1.json,5,2,3,10.0,1,TerminationCondition.optimal,1122.0,1122.0,0.0,0.591,batch_test_results_custom/logs/mibs_5-2-3-a10-i1.json.log
MIBS,5-2-3-a10-i2.json,5,2,3,10.0,2,TerminationCondition.optimal,1151.0,1151.0,0.0,0.506,batch_test_results_custom/logs/mibs_5-2-3-a10-i2.json.log
MIBS,5-2-3-a10-i3.json,5,2,3,10.0,3,TerminationCondition.optimal,1214.0,1214.0,0.0,0.486,batch_test_results_custom/logs/mibs_5-2-3-a10-i3.json.log
MIBS,5-2-3-a100-i1.json,5,2,3,100.0,1,TerminationCondition.optimal,1122.0,1122.0,0.0,0.534,batch_test_results_custom/logs/mibs_5-2-3-a100-i1.json.log
MIBS,5-2-3-a100-i2.json,5,2,3,100.0,2,TerminationCondition.optimal,1141.0,1141.0,0.0,0.586,batch_test_results_custom/logs/mibs_5-2-3-a100-i2.json.log
MIBS,5-2-3-a100-i3.json,5,2,3,100.0,3,TerminationCondition.optimal,1199.0,1199.0,0.0,0.573,batch_test_results_custom/logs/mibs_5-2-3-a100-i3.json.log
MIBS,5-2-4-a0.1-i1.json,5,2,4,0.1,1,TerminationCondition.optimal,1318.0,1318.0,0.0,1.251,batch_test_results_custom/logs/mibs_5-2-4-a0.1-i1.json.log
MIBS,5-2-4-a0.1-i2.json,5,2,4,0.1,2,TerminationCondition.optimal,1053.0,1053.0,0.0,1.154,batch_test_results_custom/logs/mibs_5-2-4-a0.1-i2.json.log
MIBS,5-2-4-a0.1-i3.json,5,2,4,0.1,3,TerminationCondition.optimal,1134.0,1134.0,0.0,0.533,batch_test_results_custom/logs/mibs_5-2-4-a0.1-i3.json.log
MIBS,5-2-4-a1-i1.json,5,2,4,1.0,1,TerminationCondition.optimal,1376.0,1376.0,0.0,20.585,batch_test_results_custom/logs/mibs_5-2-4-a1-i1.json.log
MIBS,5-2-4-a1-i2.json,5,2,4,1.0,2,TerminationCondition.optimal,1144.0,1144.0,0.0,1.365,batch_test_results_custom/logs/mibs_5-2-4-a1-i2.json.log
MIBS,5-2-4-a1-i3.json,5,2,4,1.0,3,TerminationCondition.optimal,1059.0,1059.0,0.0,0.594,batch_test_results_custom/logs/mibs_5-2-4-a1-i3.json.log
MIBS,5-2-4-a10-i1.json,5,2,4,10.0,1,TerminationCondition.optimal,1279.0,1279.0,0.0,0.632,batch_test_results_custom/logs/mibs_5-2-4-a10-i1.json.log
MIBS,5-2-4-a10-i2.json,5,2,4,10.0,2,TerminationCondition.optimal,1000.0,1000.0,0.0,0.596,batch_test_results_custom/logs/mibs_5-2-4-a10-i2.json.log
MIBS,5-2-4-a10-i3.json,5,2,4,10.0,3,TerminationCondition.optimal,1058.0,1058.0,0.0,0.528,batch_test_results_custom/logs/mibs_5-2-4-a10-i3.json.log
MIBS,5-2-4-a100-i1.json,5,2,4,100.0,1,TerminationCondition.optimal,1279.0,1279.0,0.0,0.522,batch_test_results_custom/logs/mibs_5-2-4-a100-i1.json.log
MIBS,5-2-4-a100-i2.json,5,2,4,100.0,2,TerminationCondition.optimal,1000.0,1000.0,0.0,0.501,batch_test_results_custom/logs/mibs_5-2-4-a100-i2.json.log
MIBS,5-2-4-a100-i3.json,5,2,4,100.0,3,TerminationCondition.optimal,1049.0,1049.0,0.0,0.571,batch_test_results_custom/logs/mibs_5-2-4-a100-i3.json.log
MIBS,5-2-5-a0.1-i1.json,5,2,5,0.1,1,TerminationCondition.optimal,1217.0,1217.0,0.0,0.513,batch_test_results_custom/logs/mibs_5-2-5-a0.1-i1.json.log
MIBS,5-2-5-a0.1-i2.json,5,2,5,0.1,2,TerminationCondition.optimal,1073.0,1073.0,0.0,0.929,batch_test_results_custom/logs/mibs_5-2-5-a0.1-i2.json.log
MIBS,5-2-5-a0.1-i3.json,5,2,5,0.1,3,TerminationCondition.optimal,1043.0,1043.0,0.0,0.576,batch_test_results_custom/logs/mibs_5-2-5-a0.1-i3.json.log
MIBS,5-2-5-a1-i1.json,5,2,5,1.0,1,TerminationCondition.optimal,1217.0,1217.0,0.0,0.505,batch_test_results_custom/logs/mibs_5-2-5-a1-i1.json.log
MIBS,5-2-5-a1-i2.json,5,2,5,1.0,2,TerminationCondition.optimal,1052.0,1052.0,0.0,0.548,batch_test_results_custom/logs/mibs_5-2-5-a1-i2.json.log
MIBS,5-2-5-a1-i3.json,5,2,5,1.0,3,TerminationCondition.optimal,1043.0,1043.0,0.0,0.512,batch_test_results_custom/logs/mibs_5-2-5-a1-i3.json.log
MIBS,5-2-5-a10-i1.json,5,2,5,10.0,1,TerminationCondition.optimal,1217.0,1217.0,0.0,0.706,batch_test_results_custom/logs/mibs_5-2-5-a10-i1.json.log
MIBS,5-2-5-a10-i2.json,5,2,5,10.0,2,TerminationCondition.optimal,1052.0,1052.0,0.0,0.53,batch_test_results_custom/logs/mibs_5-2-5-a10-i2.json.log
MIBS,5-2-5-a10-i3.json,5,2,5,10.0,3,TerminationCondition.optimal,1077.0,1077.0,0.0,1.496,batch_test_results_custom/logs/mibs_5-2-5-a10-i3.json.log
MIBS,5-2-5-a100-i1.json,5,2,5,100.0,1,TerminationCondition.optimal,1217.0,1217.0,0.0,0.493,batch_test_results_custom/logs/mibs_5-2-5-a100-i1.json.log
MIBS,5-2-5-a100-i2.json,5,2,5,100.0,2,TerminationCondition.optimal,1052.0,1052.0,0.0,0.495,batch_test_results_custom/logs/mibs_5-2-5-a100-i2.json.log
MIBS,5-2-5-a100-i3.json,5,2,5,100.0,3,TerminationCondition.optimal,1043.0,1043.0,0.0,0.598,batch_test_results_custom/logs/mibs_5-2-5-a100-i3.json.log
MIBS,5-3-3-a0.1-i1.json,5,3,3,0.1,1,TerminationCondition.optimal,796.0,796.0,0.0,0.536,batch_test_results_custom/logs/mibs_5-3-3-a0.1-i1.json.log
MIBS,5-3-3-a0.1-i2.json,5,3,3,0.1,2,TerminationCondition.optimal,1021.0,1021.0,0.0,5.642,batch_test_results_custom/logs/mibs_5-3-3-a0.1-i2.json.log
MIBS,5-3-3-a0.1-i3.json,5,3,3,0.1,3,TerminationCondition.optimal,1125.0,1125.0,0.0,9.156,batch_test_results_custom/logs/mibs_5-3-3-a0.1-i3.json.log
MIBS,5-3-3-a1-i1.json,5,3,3,1.0,1,TerminationCondition.optimal,796.0,796.0,0.0,0.811,batch_test_results_custom/logs/mibs_5-3-3-a1-i1.json.log
MIBS,5-3-3-a1-i2.json,5,3,3,1.0,2,TerminationCondition.optimal,1021.0,1021.0,0.0,4.317,batch_test_results_custom/logs/mibs_5-3-3-a1-i2.json.log
MIBS,5-3-3-a1-i3.json,5,3,3,1.0,3,TerminationCondition.optimal,1125.0,1125.0,0.0,8.704,batch_test_results_custom/logs/mibs_5-3-3-a1-i3.json.log
MIBS,5-3-3-a10-i1.json,5,3,3,10.0,1,TerminationCondition.optimal,796.0,796.0,0.0,0.579,batch_test_results_custom/logs/mibs_5-3-3-a10-i1.json.log
MIBS,5-3-3-a10-i2.json,5,3,3,10.0,2,TerminationCondition.optimal,938.0,938.0,0.0,0.6,batch_test_results_custom/logs/mibs_5-3-3-a10-i2.json.log
MIBS,5-3-3-a10-i3.json,5,3,3,10.0,3,TerminationCondition.optimal,1099.0,1099.0,0.0,0.485,batch_test_results_custom/logs/mibs_5-3-3-a10-i3.json.log
MIBS,5-3-3-a100-i1.json,5,3,3,100.0,1,TerminationCondition.optimal,796.0,796.0,0.0,0.475,batch_test_results_custom/logs/mibs_5-3-3-a100-i1.json.log
MIBS,5-3-3-a100-i2.json,5,3,3,100.0,2,TerminationCondition.optimal,938.0,938.0,0.0,0.473,batch_test_results_custom/logs/mibs_5-3-3-a100-i2.json.log
MIBS,5-3-3-a100-i3.json,5,3,3,100.0,3,TerminationCondition.optimal,1099.0,1099.0,0.0,0.578,batch_test_results_custom/logs/mibs_5-3-3-a100-i3.json.log
MIBS,5-3-4-a0.1-i1.json,5,3,4,0.1,1,TerminationCondition.optimal,871.0,871.0,0.0,0.86,batch_test_results_custom/logs/mibs_5-3-4-a0.1-i1.json.log
MIBS,5-3-4-a0.1-i2.json,5,3,4,0.1,2,TerminationCondition.optimal,1007.0,1007.0,0.0,0.904,batch_test_results_custom/logs/mibs_5-3-4-a0.1-i2.json.log
MIBS,5-3-4-a0.1-i3.json,5,3,4,0.1,3,TerminationCondition.optimal,1100.0,1100.0,0.0,0.92,batch_test_results_custom/logs/mibs_5-3-4-a0.1-i3.json.log
MIBS,5-3-4-a1-i1.json,5,3,4,1.0,1,TerminationCondition.optimal,871.0,871.0,0.0,1.136,batch_test_results_custom/logs/mibs_5-3-4-a1-i1.json.log
MIBS,5-3-4-a1-i2.json,5,3,4,1.0,2,TerminationCondition.optimal,1007.0,1007.0,0.0,0.909,batch_test_results_custom/logs/mibs_5-3-4-a1-i2.json.log
MIBS,5-3-4-a1-i3.json,5,3,4,1.0,3,TerminationCondition.optimal,1194.0,1194.0,0.0,0.846,batch_test_results_custom/logs/mibs_5-3-4-a1-i3.json.log
MIBS,5-3-4-a10-i1.json,5,3,4,10.0,1,TerminationCondition.optimal,871.0,871.0,0.0,0.693,batch_test_results_custom/logs/mibs_5-3-4-a10-i1.json.log
MIBS,5-3-4-a10-i2.json,5,3,4,10.0,2,TerminationCondition.optimal,1007.0,1007.0,0.0,0.846,batch_test_results_custom/logs/mibs_5-3-4-a10-i2.json.log
MIBS,5-3-4-a10-i3.json,5,3,4,10.0,3,TerminationCondition.optimal,1107.0,1107.0,0.0,0.861,batch_test_results_custom/logs/mibs_5-3-4-a10-i3.json.log
MIBS,5-3-4-a100-i1.json,5,3,4,100.0,1,TerminationCondition.optimal,871.0,871.0,0.0,0.633,batch_test_results_custom/logs/mibs_5-3-4-a100-i1.json.log
MIBS,5-3-4-a100-i2.json,5,3,4,100.0,2,TerminationCondition.optimal,1007.0,1007.0,0.0,0.678,batch_test_results_custom/logs/mibs_5-3-4-a100-i2.json.log
MIBS,5-3-4-a100-i3.json,5,3,4,100.0,3,TerminationCondition.optimal,1107.0,1107.0,0.0,0.825,batch_test_results_custom/logs/mibs_5-3-4-a100-i3.json.log
MIBS,5-3-5-a0.1-i1.json,5,3,5,0.1,1,TerminationCondition.optimal,930.0,930.0,0.0,1.024,batch_test_results_custom/logs/mibs_5-3-5-a0.1-i1.json.log
MIBS,5-3-5-a0.1-i2.json,5,3,5,0.1,2,TerminationCondition.optimal,1123.0,1123.0,0.0,0.758,batch_test_results_custom/logs/mibs_5-3-5-a0.1-i2.json.log
MIBS,5-3-5-a0.1-i3.json,5,3,5,0.1,3,TerminationCondition.optimal,1081.0,1081.0,0.0,1.062,batch_test_results_custom/logs/mibs_5-3-5-a0.1-i3.json.log
MIBS,5-3-5-a1-i1.json,5,3,5,1.0,1,TerminationCondition.optimal,930.0,930.0,0.0,0.643,batch_test_results_custom/logs/mibs_5-3-5-a1-i1.json.log
MIBS,5-3-5-a1-i2.json,5,3,5,1.0,2,TerminationCondition.optimal,1123.0,1123.0,0.0,0.714,batch_test_results_custom/logs/mibs_5-3-5-a1-i2.json.log
MIBS,5-3-5-a1-i3.json,5,3,5,1.0,3,TerminationCondition.optimal,1021.0,1021.0,0.0,0.74,batch_test_results_custom/logs/mibs_5-3-5-a1-i3.json.log
MIBS,5-3-5-a10-i1.json,5,3,5,10.0,1,TerminationCondition.optimal,885.0,885.0,0.0,0.599,batch_test_results_custom/logs/mibs_5-3-5-a10-i1.json.log
MIBS,5-3-5-a10-i2.json,5,3,5,10.0,2,TerminationCondition.optimal,1117.0,1117.0,0.0,0.691,batch_test_results_custom/logs/mibs_5-3-5-a10-i2.json.log
MIBS,5-3-5-a10-i3.json,5,3,5,10.0,3,TerminationCondition.optimal,1005.0,1005.0,0.0,0.71,batch_test_results_custom/logs/mibs_5-3-5-a10-i3.json.log
MIBS,5-3-5-a100-i1.json,5,3,5,100.0,1,TerminationCondition.optimal,885.0,885.0,0.0,0.611,batch_test_results_custom/logs/mibs_5-3-5-a100-i1.json.log
MIBS,5-3-5-a100-i2.json,5,3,5,100.0,2,TerminationCondition.optimal,1117.0,1117.0,0.0,0.711,batch_test_results_custom/logs/mibs_5-3-5-a100-i2.json.log
MIBS,5-3-5-a100-i3.json,5,3,5,100.0,3,TerminationCondition.optimal,1005.0,1005.0,0.0,0.785,batch_test_results_custom/logs/mibs_5-3-5-a100-i3.json.log
MIBS,5-4-3-a0.1-i1.json,5,4,3,0.1,1,TerminationCondition.optimal,838.0,838.0,0.0,0.654,batch_test_results_custom/logs/mibs_5-4-3-a0.1-i1.json.log
MIBS,5-4-3-a0.1-i2.json,5,4,3,0.1,2,TerminationCondition.optimal,998.0,998.0,0.0,2.384,batch_test_results_custom/logs/mibs_5-4-3-a0.1-i2.json.log
MIBS,5-4-3-a0.1-i3.json,5,4,3,0.1,3,TerminationCondition.optimal,1162.0,1162.0,0.0,470.557,batch_test_results_custom/logs/mibs_5-4-3-a0.1-i3.json.log
MIBS,5-4-3-a1-i1.json,5,4,3,1.0,1,TerminationCondition.optimal,838.0,838.0,0.0,0.9,batch_test_results_custom/logs/mibs_5-4-3-a1-i1.json.log
MIBS,5-4-3-a1-i2.json,5,4,3,1.0,2,TerminationCondition.optimal,949.0,949.0,0.0,0.74,batch_test_results_custom/logs/mibs_5-4-3-a1-i2.json.log
MIBS,5-4-3-a1-i3.json,5,4,3,1.0,3,TerminationCondition.optimal,1057.0,1057.0,0.0,0.53,batch_test_results_custom/logs/mibs_5-4-3-a1-i3.json.log
MIBS,5-4-3-a10-i1.json,5,4,3,10.0,1,TerminationCondition.optimal,832.0,832.0,0.0,0.627,batch_test_results_custom/logs/mibs_5-4-3-a10-i1.json.log
MIBS,5-4-3-a10-i2.json,5,4,3,10.0,2,TerminationCondition.optimal,922.0,922.0,0.0,0.694,batch_test_results_custom/logs/mibs_5-4-3-a10-i2.json.log
MIBS,5-4-3-a10-i3.json,5,4,3,10.0,3,TerminationCondition.optimal,1057.0,1057.0,0.0,0.83,batch_test_results_custom/logs/mibs_5-4-3-a10-i3.json.log
MIBS,5-4-3-a100-i1.json,5,4,3,100.0,1,TerminationCondition.optimal,832.0,832.0,0.0,0.604,batch_test_results_custom/logs/mibs_5-4-3-a100-i1.json.log
MIBS,5-4-3-a100-i2.json,5,4,3,100.0,2,TerminationCondition.optimal,922.0,922.0,0.0,0.566,batch_test_results_custom/logs/mibs_5-4-3-a100-i2.json.log
MIBS,5-4-3-a100-i3.json,5,4,3,100.0,3,TerminationCondition.optimal,1057.0,1057.0,0.0,0.555,batch_test_results_custom/logs/mibs_5-4-3-a100-i3.json.log
MIBS,5-4-4-a0.1-i1.json,5,4,4,0.1,1,TerminationCondition.optimal,798.0,798.0,0.0,0.678,batch_test_results_custom/logs/mibs_5-4-4-a0.1-i1.json.log
MIBS,5-4-4-a0.1-i2.json,5,4,4,0.1,2,TerminationCondition.optimal,1139.0,1139.0,0.0,0.625,batch_test_results_custom/logs/mibs_5-4-4-a0.1-i2.json.log
MIBS,5-4-4-a0.1-i3.json,5,4,4,0.1,3,TerminationCondition.optimal,1149.0,1149.0,0.0,10.662,batch_test_results_custom/logs/mibs_5-4-4-a0.1-i3.json.log
MIBS,5-4-4-a1-i1.json,5,4,4,1.0,1,TerminationCondition.optimal,798.0,798.0,0.0,0.624,batch_test_results_custom/logs/mibs_5-4-4-a1-i1.json.log
MIBS,5-4-4-a1-i2.json,5,4,4,1.0,2,TerminationCondition.optimal,1139.0,1139.0,0.0,0.892,batch_test_results_custom/logs/mibs_5-4-4-a1-i2.json.log
MIBS,5-4-4-a1-i3.json,5,4,4,1.0,3,TerminationCondition.optimal,1149.0,1149.0,0.0,13.646,batch_test_results_custom/logs/mibs_5-4-4-a1-i3.json.log
MIBS,5-4-4-a10-i1.json,5,4,4,10.0,1,TerminationCondition.optimal,818.0,818.0,0.0,0.956,batch_test_results_custom/logs/mibs_5-4-4-a10-i1.json.log
MIBS,5-4-4-a10-i2.json,5,4,4,10.0,2,TerminationCondition.optimal,1139.0,1139.0,0.0,0.718,batch_test_results_custom/logs/mibs_5-4-4-a10-i2.json.log
MIBS,5-4-4-a10-i3.json,5,4,4,10.0,3,TerminationCondition.optimal,1124.0,1124.0,0.0,0.726,batch_test_results_custom/logs/mibs_5-4-4-a10-i3.json.log
MIBS,5-4-4-a100-i1.json,5,4,4,100.0,1,TerminationCondition.optimal,798.0,798.0,0.0,0.587,batch_test_results_custom/logs/mibs_5-4-4-a100-i1.json.log
MIBS,5-4-4-a100-i2.json,5,4,4,100.0,2,TerminationCondition.optimal,1139.0,1139.0,0.0,0.752,batch_test_results_custom/logs/mibs_5-4-4-a100-i2.json.log
MIBS,5-4-4-a100-i3.json,5,4,4,100.0,3,TerminationCondition.optimal,1124.0,1124.0,0.0,0.733,batch_test_results_custom/logs/mibs_5-4-4-a100-i3.json.log
MIBS,5-4-5-a0.1-i1.json,5,4,5,0.1,1,TerminationCondition.optimal,815.0,815.0,0.0,0.827,batch_test_results_custom/logs/mibs_5-4-5-a0.1-i1.json.log
MIBS,5-4-5-a0.1-i2.json,5,4,5,0.1,2,TerminationCondition.optimal,989.0,989.0,0.0,0.926,batch_test_results_custom/logs/mibs_5-4-5-a0.1-i2.json.log
MIBS,5-4-5-a0.1-i3.json,5,4,5,0.1,3,TerminationCondition.optimal,1039.0,1039.0,0.0,54.074,batch_test_results_custom/logs/mibs_5-4-5-a0.1-i3.json.log
MIBS,5-4-5-a1-i1.json,5,4,5,1.0,1,TerminationCondition.optimal,815.0,815.0,0.0,0.806,batch_test_results_custom/logs/mibs_5-4-5-a1-i1.json.log
MIBS,5-4-5-a1-i2.json,5,4,5,1.0,2,TerminationCondition.optimal,989.0,989.0,0.0,0.968,batch_test_results_custom/logs/mibs_5-4-5-a1-i2.json.log
MIBS,5-4-5-a1-i3.json,5,4,5,1.0,3,TerminationCondition.optimal,997.0,997.0,0.0,0.846,batch_test_results_custom/logs/mibs_5-4-5-a1-i3.json.log
MIBS,5-4-5-a10-i1.json,5,4,5,10.0,1,TerminationCondition.optimal,810.0,810.0,0.0,0.728,batch_test_results_custom/logs/mibs_5-4-5-a10-i1.json.log
MIBS,5-4-5-a10-i2.json,5,4,5,10.0,2,TerminationCondition.optimal,989.0,989.0,0.0,0.816,batch_test_results_custom/logs/mibs_5-4-5-a10-i2.json.log
MIBS,5-4-5-a10-i3.json,5,4,5,10.0,3,TerminationCondition.optimal,997.0,997.0,0.0,0.816,batch_test_results_custom/logs/mibs_5-4-5-a10-i3.json.log
MIBS,5-4-5-a100-i1.json,5,4,5,100.0,1,TerminationCondition.optimal,810.0,810.0,0.0,0.842,batch_test_results_custom/logs/mibs_5-4-5-a100-i1.json.log
MIBS,5-4-5-a100-i2.json,5,4,5,100.0,2,TerminationCondition.optimal,989.0,989.0,0.0,0.962,batch_test_results_custom/logs/mibs_5-4-5-a100-i2.json.log
MIBS,5-4-5-a100-i3.json,5,4,5,100.0,3,TerminationCondition.optimal,997.0,997.0,0.0,0.828,batch_test_results_custom/logs/mibs_5-4-5-a100-i3.json.log
MIBS,10-2-3-a0.1-i1.json,10,2,3,0.1,1,TerminationCondition.unknown,无,无,无,600.896,batch_test_results_custom/logs/mibs_10-2-3-a0.1-i1.json.log
MIBS,10-2-3-a0.1-i2.json,10,2,3,0.1,2,TerminationCondition.unknown,无,无,无,601.072,batch_test_results_custom/logs/mibs_10-2-3-a0.1-i2.json.log
MIBS,10-2-3-a0.1-i3.json,10,2,3,0.1,3,TerminationCondition.optimal,2412.0,2412.0,0.0,2.426,batch_test_results_custom/logs/mibs_10-2-3-a0.1-i3.json.log
MIBS,10-2-3-a1-i1.json,10,2,3,1.0,1,TerminationCondition.unknown,无,无,无,601.011,batch_test_results_custom/logs/mibs_10-2-3-a1-i1.json.log
MIBS,10-2-3-a1-i2.json,10,2,3,1.0,2,TerminationCondition.unknown,无,无,无,600.938,batch_test_results_custom/logs/mibs_10-2-3-a1-i2.json.log
MIBS,10-2-3-a1-i3.json,10,2,3,1.0,3,TerminationCondition.optimal,2398.0,2398.0,0.0,2.162,batch_test_results_custom/logs/mibs_10-2-3-a1-i3.json.log
MIBS,10-2-3-a10-i1.json,10,2,3,10.0,1,TerminationCondition.optimal,2316.0,2316.0,0.0,1.251,batch_test_results_custom/logs/mibs_10-2-3-a10-i1.json.log
MIBS,10-2-3-a10-i2.json,10,2,3,10.0,2,TerminationCondition.optimal,2096.0,2096.0,0.0,1.862,batch_test_results_custom/logs/mibs_10-2-3-a10-i2.json.log
MIBS,10-2-3-a10-i3.json,10,2,3,10.0,3,TerminationCondition.optimal,2294.0,2294.0,0.0,0.879,batch_test_results_custom/logs/mibs_10-2-3-a10-i3.json.log
MIBS,10-2-3-a100-i1.json,10,2,3,100.0,1,TerminationCondition.optimal,2316.0,2316.0,0.0,1.175,batch_test_results_custom/logs/mibs_10-2-3-a100-i1.json.log
MIBS,10-2-3-a100-i2.json,10,2,3,100.0,2,TerminationCondition.optimal,2096.0,2096.0,0.0,1.83,batch_test_results_custom/logs/mibs_10-2-3-a100-i2.json.log
MIBS,10-2-3-a100-i3.json,10,2,3,100.0,3,TerminationCondition.optimal,2294.0,2294.0,0.0,0.988,batch_test_results_custom/logs/mibs_10-2-3-a100-i3.json.log
MIBS,10-2-4-a0.1-i1.json,10,2,4,0.1,1,TerminationCondition.unknown,无,无,无,601.075,batch_test_results_custom/logs/mibs_10-2-4-a0.1-i1.json.log
MIBS,10-2-4-a0.1-i2.json,10,2,4,0.1,2,TerminationCondition.unknown,无,无,无,601.079,batch_test_results_custom/logs/mibs_10-2-4-a0.1-i2.json.log
MIBS,10-2-4-a0.1-i3.json,10,2,4,0.1,3,TerminationCondition.unknown,无,无,无,601.291,batch_test_results_custom/logs/mibs_10-2-4-a0.1-i3.json.log
MIBS,10-2-4-a1-i1.json,10,2,4,1.0,1,TerminationCondition.unknown,无,无,无,601.023,batch_test_results_custom/logs/mibs_10-2-4-a1-i1.json.log
MIBS,10-2-4-a1-i2.json,10,2,4,1.0,2,TerminationCondition.unknown,无,无,无,601.028,batch_test_results_custom/logs/mibs_10-2-4-a1-i2.json.log
MIBS,10-2-4-a1-i3.json,10,2,4,1.0,3,TerminationCondition.optimal,2325.0,2325.0,0.0,281.996,batch_test_results_custom/logs/mibs_10-2-4-a1-i3.json.log
MIBS,10-2-4-a10-i1.json,10,2,4,10.0,1,TerminationCondition.optimal,2208.0,2208.0,0.0,1.659,batch_test_results_custom/logs/mibs_10-2-4-a10-i1.json.log
MIBS,10-2-4-a10-i2.json,10,2,4,10.0,2,TerminationCondition.optimal,2007.0,2007.0,0.0,4.018,batch_test_results_custom/logs/mibs_10-2-4-a10-i2.json.log
MIBS,10-2-4-a10-i3.json,10,2,4,10.0,3,TerminationCondition.optimal,2258.0,2258.0,0.0,1.829,batch_test_results_custom/logs/mibs_10-2-4-a10-i3.json.log
MIBS,10-2-4-a100-i1.json,10,2,4,100.0,1,TerminationCondition.optimal,2208.0,2208.0,0.0,1.58,batch_test_results_custom/logs/mibs_10-2-4-a100-i1.json.log
MIBS,10-2-4-a100-i2.json,10,2,4,100.0,2,TerminationCondition.optimal,2007.0,2007.0,0.0,2.621,batch_test_results_custom/logs/mibs_10-2-4-a100-i2.json.log
MIBS,10-2-4-a100-i3.json,10,2,4,100.0,3,TerminationCondition.optimal,2258.0,2258.0,0.0,1.465,batch_test_results_custom/logs/mibs_10-2-4-a100-i3.json.log
MIBS,10-2-5-a0.1-i1.json,10,2,5,0.1,1,TerminationCondition.optimal,2244.0,2244.0,0.0,1.579,batch_test_results_custom/logs/mibs_10-2-5-a0.1-i1.json.log
MIBS,10-2-5-a0.1-i2.json,10,2,5,0.1,2,TerminationCondition.unknown,无,无,无,601.111,batch_test_results_custom/logs/mibs_10-2-5-a0.1-i2.json.log
MIBS,10-2-5-a0.1-i3.json,10,2,5,0.1,3,TerminationCondition.unknown,无,无,无,601.651,batch_test_results_custom/logs/mibs_10-2-5-a0.1-i3.json.log
MIBS,10-2-5-a1-i1.json,10,2,5,1.0,1,TerminationCondition.optimal,2244.0,2244.0,0.0,1.569,batch_test_results_custom/logs/mibs_10-2-5-a1-i1.json.log
MIBS,10-2-5-a1-i2.json,10,2,5,1.0,2,TerminationCondition.unknown,无,无,无,601.284,batch_test_results_custom/logs/mibs_10-2-5-a1-i2.json.log
MIBS,10-2-5-a1-i3.json,10,2,5,1.0,3,TerminationCondition.optimal,2200.0,2200.0,0.0,6.784,batch_test_results_custom/logs/mibs_10-2-5-a1-i3.json.log
MIBS,10-2-5-a10-i1.json,10,2,5,10.0,1,TerminationCondition.optimal,2244.0,2244.0,0.0,1.451,batch_test_results_custom/logs/mibs_10-2-5-a10-i1.json.log
MIBS,10-2-5-a10-i2.json,10,2,5,10.0,2,TerminationCondition.optimal,2165.0,2165.0,0.0,2.106,batch_test_results_custom/logs/mibs_10-2-5-a10-i2.json.log
MIBS,10-2-5-a10-i3.json,10,2,5,10.0,3,TerminationCondition.unknown,无,无,无,601.25,batch_test_results_custom/logs/mibs_10-2-5-a10-i3.json.log
MIBS,10-2-5-a100-i1.json,10,2,5,100.0,1,TerminationCondition.optimal,2244.0,2244.0,0.0,1.617,batch_test_results_custom/logs/mibs_10-2-5-a100-i1.json.log
MIBS,10-2-5-a100-i2.json,10,2,5,100.0,2,TerminationCondition.optimal,2165.0,2165.0,0.0,1.949,batch_test_results_custom/logs/mibs_10-2-5-a100-i2.json.log
MIBS,10-2-5-a100-i3.json,10,2,5,100.0,3,TerminationCondition.optimal,2140.0,2140.0,0.0,1.894,batch_test_results_custom/logs/mibs_10-2-5-a100-i3.json.log
MIBS,10-3-3-a0.1-i1.json,10,3,3,0.1,1,TerminationCondition.unknown,无,无,无,601.305,batch_test_results_custom/logs/mibs_10-3-3-a0.1-i1.json.log
MIBS,10-3-3-a0.1-i2.json,10,3,3,0.1,2,TerminationCondition.unknown,无,无,无,601.323,batch_test_results_custom/logs/mibs_10-3-3-a0.1-i2.json.log
MIBS,10-3-3-a0.1-i3.json,10,3,3,0.1,3,TerminationCondition.unknown,无,无,无,601.327,batch_test_results_custom/logs/mibs_10-3-3-a0.1-i3.json.log
MIBS,10-3-3-a1-i1.json,10,3,3,1.0,1,TerminationCondition.unknown,无,无,无,601.191,batch_test_results_custom/logs/mibs_10-3-3-a1-i1.json.log
MIBS,10-3-3-a1-i2.json,10,3,3,1.0,2,TerminationCondition.unknown,无,无,无,601.23,batch_test_results_custom/logs/mibs_10-3-3-a1-i2.json.log
MIBS,10-3-3-a1-i3.json,10,3,3,1.0,3,TerminationCondition.unknown,无,无,无,601.667,batch_test_results_custom/logs/mibs_10-3-3-a1-i3.json.log
MIBS,10-3-3-a10-i1.json,10,3,3,10.0,1,TerminationCondition.optimal,2321.0,2321.0,0.0,1.604,batch_test_results_custom/logs/mibs_10-3-3-a10-i1.json.log
MIBS,10-3-3-a10-i2.json,10,3,3,10.0,2,TerminationCondition.optimal,2153.0,2153.0,0.0,1.774,batch_test_results_custom/logs/mibs_10-3-3-a10-i2.json.log
MIBS,10-3-3-a10-i3.json,10,3,3,10.0,3,TerminationCondition.optimal,1907.0,1907.0,0.0,1.909,batch_test_results_custom/logs/mibs_10-3-3-a10-i3.json.log
MIBS,10-3-3-a100-i1.json,10,3,3,100.0,1,TerminationCondition.optimal,2321.0,2321.0,0.0,1.503,batch_test_results_custom/logs/mibs_10-3-3-a100-i1.json.log
MIBS,10-3-3-a100-i2.json,10,3,3,100.0,2,TerminationCondition.optimal,2153.0,2153.0,0.0,1.699,batch_test_results_custom/logs/mibs_10-3-3-a100-i2.json.log
MIBS,10-3-3-a100-i3.json,10,3,3,100.0,3,TerminationCondition.optimal,1907.0,1907.0,0.0,1.793,batch_test_results_custom/logs/mibs_10-3-3-a100-i3.json.log
MIBS,10-3-4-a0.1-i1.json,10,3,4,0.1,1,TerminationCondition.optimal,2176.0,2176.0,0.0,6.973,batch_test_results_custom/logs/mibs_10-3-4-a0.1-i1.json.log
MIBS,10-3-4-a0.1-i2.json,10,3,4,0.1,2,TerminationCondition.unknown,无,无,无,602.191,batch_test_results_custom/logs/mibs_10-3-4-a0.1-i2.json.log
MIBS,10-3-4-a0.1-i3.json,10,3,4,0.1,3,TerminationCondition.unknown,无,无,无,601.661,batch_test_results_custom/logs/mibs_10-3-4-a0.1-i3.json.log
MIBS,10-3-4-a1-i1.json,10,3,4,1.0,1,TerminationCondition.unknown,无,无,无,601.444,batch_test_results_custom/logs/mibs_10-3-4-a1-i1.json.log
MIBS,10-3-4-a1-i2.json,10,3,4,1.0,2,TerminationCondition.unknown,无,无,无,601.939,batch_test_results_custom/logs/mibs_10-3-4-a1-i2.json.log
MIBS,10-3-4-a1-i3.json,10,3,4,1.0,3,TerminationCondition.optimal,1814.0,1814.0,0.0,7.81,batch_test_results_custom/logs/mibs_10-3-4-a1-i3.json.log
MIBS,10-3-4-a10-i1.json,10,3,4,10.0,1,TerminationCondition.optimal,2029.0,2029.0,0.0,2.058,batch_test_results_custom/logs/mibs_10-3-4-a10-i1.json.log
MIBS,10-3-4-a10-i2.json,10,3,4,10.0,2,TerminationCondition.unknown,无,无,无,601.386,batch_test_results_custom/logs/mibs_10-3-4-a10-i2.json.log
MIBS,10-3-4-a10-i3.json,10,3,4,10.0,3,TerminationCondition.optimal,1767.0,1767.0,0.0,2.625,batch_test_results_custom/logs/mibs_10-3-4-a10-i3.json.log
MIBS,10-3-4-a100-i1.json,10,3,4,100.0,1,TerminationCondition.optimal,2029.0,2029.0,0.0,1.988,batch_test_results_custom/logs/mibs_10-3-4-a100-i1.json.log
MIBS,10-3-4-a100-i2.json,10,3,4,100.0,2,TerminationCondition.optimal,2060.0,2060.0,0.0,4.565,batch_test_results_custom/logs/mibs_10-3-4-a100-i2.json.log
MIBS,10-3-4-a100-i3.json,10,3,4,100.0,3,TerminationCondition.optimal,1767.0,1767.0,0.0,2.568,batch_test_results_custom/logs/mibs_10-3-4-a100-i3.json.log
MIBS,10-3-5-a0.1-i1.json,10,3,5,0.1,1,TerminationCondition.optimal,2083.0,2083.0,0.0,2.489,batch_test_results_custom/logs/mibs_10-3-5-a0.1-i1.json.log
MIBS,10-3-5-a0.1-i2.json,10,3,5,0.1,2,TerminationCondition.unknown,无,无,无,601.747,batch_test_results_custom/logs/mibs_10-3-5-a0.1-i2.json.log
MIBS,10-3-5-a0.1-i3.json,10,3,5,0.1,3,TerminationCondition.unknown,无,无,无,602.106,batch_test_results_custom/logs/mibs_10-3-5-a0.1-i3.json.log
MIBS,10-3-5-a1-i1.json,10,3,5,1.0,1,TerminationCondition.optimal,2083.0,2083.0,0.0,2.425,batch_test_results_custom/logs/mibs_10-3-5-a1-i1.json.log
MIBS,10-3-5-a1-i2.json,10,3,5,1.0,2,TerminationCondition.unknown,无,无,无,601.595,batch_test_results_custom/logs/mibs_10-3-5-a1-i2.json.log
MIBS,10-3-5-a1-i3.json,10,3,5,1.0,3,TerminationCondition.optimal,1860.0,1860.0,0.0,217.59,batch_test_results_custom/logs/mibs_10-3-5-a1-i3.json.log
MIBS,10-3-5-a10-i1.json,10,3,5,10.0,1,TerminationCondition.optimal,2083.0,2083.0,0.0,2.52,batch_test_results_custom/logs/mibs_10-3-5-a10-i1.json.log
MIBS,10-3-5-a10-i2.json,10,3,5,10.0,2,TerminationCondition.optimal,1965.0,1965.0,0.0,4.336,batch_test_results_custom/logs/mibs_10-3-5-a10-i2.json.log
MIBS,10-3-5-a10-i3.json,10,3,5,10.0,3,TerminationCondition.optimal,1847.0,1847.0,0.0,2.546,batch_test_results_custom/logs/mibs_10-3-5-a10-i3.json.log
MIBS,10-3-5-a100-i1.json,10,3,5,100.0,1,TerminationCondition.optimal,2083.0,2083.0,0.0,2.523,batch_test_results_custom/logs/mibs_10-3-5-a100-i1.json.log
MIBS,10-3-5-a100-i2.json,10,3,5,100.0,2,TerminationCondition.optimal,1965.0,1965.0,0.0,3.229,batch_test_results_custom/logs/mibs_10-3-5-a100-i2.json.log
MIBS,10-3-5-a100-i3.json,10,3,5,100.0,3,TerminationCondition.optimal,1847.0,1847.0,0.0,2.629,batch_test_results_custom/logs/mibs_10-3-5-a100-i3.json.log
MIBS,10-4-3-a0.1-i1.json,10,4,3,0.1,1,TerminationCondition.optimal,1767.0,1767.0,0.0,12.126,batch_test_results_custom/logs/mibs_10-4-3-a0.1-i1.json.log
MIBS,10-4-3-a0.1-i2.json,10,4,3,0.1,2,TerminationCondition.unknown,无,无,无,601.392,batch_test_results_custom/logs/mibs_10-4-3-a0.1-i2.json.log
MIBS,10-4-3-a0.1-i3.json,10,4,3,0.1,3,TerminationCondition.unknown,无,无,无,601.761,batch_test_results_custom/logs/mibs_10-4-3-a0.1-i3.json.log
MIBS,10-4-3-a1-i1.json,10,4,3,1.0,1,TerminationCondition.optimal,1760.0,1760.0,0.0,2.73,batch_test_results_custom/logs/mibs_10-4-3-a1-i1.json.log
MIBS,10-4-3-a1-i2.json,10,4,3,1.0,2,TerminationCondition.unknown,无,无,无,601.46,batch_test_results_custom/logs/mibs_10-4-3-a1-i2.json.log
MIBS,10-4-3-a1-i3.json,10,4,3,1.0,3,TerminationCondition.unknown,无,无,无,601.617,batch_test_results_custom/logs/mibs_10-4-3-a1-i3.json.log
MIBS,10-4-3-a10-i1.json,10,4,3,10.0,1,TerminationCondition.optimal,1760.0,1760.0,0.0,2.205,batch_test_results_custom/logs/mibs_10-4-3-a10-i1.json.log
MIBS,10-4-3-a10-i2.json,10,4,3,10.0,2,TerminationCondition.unknown,无,无,无,601.322,batch_test_results_custom/logs/mibs_10-4-3-a10-i2.json.log
MIBS,10-4-3-a10-i3.json,10,4,3,10.0,3,TerminationCondition.optimal,1869.0,1869.0,0.0,2.728,batch_test_results_custom/logs/mibs_10-4-3-a10-i3.json.log
MIBS,10-4-3-a100-i1.json,10,4,3,100.0,1,TerminationCondition.optimal,1760.0,1760.0,0.0,2.119,batch_test_results_custom/logs/mibs_10-4-3-a100-i1.json.log
MIBS,10-4-3-a100-i2.json,10,4,3,100.0,2,TerminationCondition.unknown,无,无,无,601.346,batch_test_results_custom/logs/mibs_10-4-3-a100-i2.json.log
MIBS,10-4-3-a100-i3.json,10,4,3,100.0,3,TerminationCondition.optimal,1869.0,1869.0,0.0,2.451,batch_test_results_custom/logs/mibs_10-4-3-a100-i3.json.log
MIBS,10-4-4-a0.1-i1.json,10,4,4,0.1,1,TerminationCondition.unknown,无,无,无,601.872,batch_test_results_custom/logs/mibs_10-4-4-a0.1-i1.json.log
MIBS,10-4-4-a0.1-i2.json,10,4,4,0.1,2,TerminationCondition.optimal,1825.0,1825.0,0.0,3.11,batch_test_results_custom/logs/mibs_10-4-4-a0.1-i2.json.log
MIBS,10-4-4-a0.1-i3.json,10,4,4,0.1,3,TerminationCondition.unknown,无,无,无,601.724,batch_test_results_custom/logs/mibs_10-4-4-a0.1-i3.json.log
MIBS,10-4-4-a1-i1.json,10,4,4,1.0,1,TerminationCondition.optimal,1834.0,1834.0,0.0,37.785,batch_test_results_custom/logs/mibs_10-4-4-a1-i1.json.log
MIBS,10-4-4-a1-i2.json,10,4,4,1.0,2,TerminationCondition.optimal,1825.0,1825.0,0.0,2.781,batch_test_results_custom/logs/mibs_10-4-4-a1-i2.json.log
MIBS,10-4-4-a1-i3.json,10,4,4,1.0,3,TerminationCondition.unknown,无,无,无,601.819,batch_test_results_custom/logs/mibs_10-4-4-a1-i3.json.log
MIBS,10-4-4-a10-i1.json,10,4,4,10.0,1,TerminationCondition.optimal,1826.0,1826.0,0.0,3.144,batch_test_results_custom/logs/mibs_10-4-4-a10-i1.json.log
MIBS,10-4-4-a10-i2.json,10,4,4,10.0,2,TerminationCondition.optimal,1825.0,1825.0,0.0,2.877,batch_test_results_custom/logs/mibs_10-4-4-a10-i2.json.log
MIBS,10-4-4-a10-i3.json,10,4,4,10.0,3,TerminationCondition.optimal,1913.0,1913.0,0.0,2.372,batch_test_results_custom/logs/mibs_10-4-4-a10-i3.json.log
MIBS,10-4-4-a100-i1.json,10,4,4,100.0,1,TerminationCondition.optimal,1826.0,1826.0,0.0,2.902,batch_test_results_custom/logs/mibs_10-4-4-a100-i1.json.log
MIBS,10-4-4-a100-i2.json,10,4,4,100.0,2,TerminationCondition.optimal,1825.0,1825.0,0.0,2.975,batch_test_results_custom/logs/mibs_10-4-4-a100-i2.json.log
MIBS,10-4-4-a100-i3.json,10,4,4,100.0,3,TerminationCondition.optimal,1913.0,1913.0,0.0,2.372,batch_test_results_custom/logs/mibs_10-4-4-a100-i3.json.log
MIBS,10-4-5-a0.1-i1.json,10,4,5,0.1,1,TerminationCondition.unknown,无,无,无,602.392,batch_test_results_custom/logs/mibs_10-4-5-a0.1-i1.json.log
MIBS,10-4-5-a0.1-i2.json,10,4,5,0.1,2,TerminationCondition.unknown,无,无,无,602.26,batch_test_results_custom/logs/mibs_10-4-5-a0.1-i2.json.log
MIBS,10-4-5-a0.1-i3.json,10,4,5,0.1,3,TerminationCondition.unknown,无,无,无,602.186,batch_test_results_custom/logs/mibs_10-4-5-a0.1-i3.json.log
MIBS,10-4-5-a1-i1.json,10,4,5,1.0,1,TerminationCondition.unknown,无,无,无,602.354,batch_test_results_custom/logs/mibs_10-4-5-a1-i1.json.log
MIBS,10-4-5-a1-i2.json,10,4,5,1.0,2,TerminationCondition.optimal,1900.0,1900.0,0.0,3.444,batch_test_results_custom/logs/mibs_10-4-5-a1-i2.json.log
MIBS,10-4-5-a1-i3.json,10,4,5,1.0,3,TerminationCondition.unknown,无,无,无,602.129,batch_test_results_custom/logs/mibs_10-4-5-a1-i3.json.log
MIBS,10-4-5-a10-i1.json,10,4,5,10.0,1,TerminationCondition.optimal,1817.0,1817.0,0.0,4.046,batch_test_results_custom/logs/mibs_10-4-5-a10-i1.json.log
MIBS,10-4-5-a10-i2.json,10,4,5,10.0,2,TerminationCondition.optimal,1900.0,1900.0,0.0,3.94,batch_test_results_custom/logs/mibs_10-4-5-a10-i2.json.log
MIBS,10-4-5-a10-i3.json,10,4,5,10.0,3,TerminationCondition.unknown,无,无,无,603.272,batch_test_results_custom/logs/mibs_10-4-5-a10-i3.json.log
MIBS,10-4-5-a100-i1.json,10,4,5,100.0,1,TerminationCondition.optimal,1817.0,1817.0,0.0,4.809,batch_test_results_custom/logs/mibs_10-4-5-a100-i1.json.log
MIBS,10-4-5-a100-i2.json,10,4,5,100.0,2,TerminationCondition.optimal,1900.0,1900.0,0.0,3.532,batch_test_results_custom/logs/mibs_10-4-5-a100-i2.json.log
MIBS,10-4-5-a100-i3.json,10,4,5,100.0,3,TerminationCondition.optimal,1813.0,1813.0,0.0,4.476,batch_test_results_custom/logs/mibs_10-4-5-a100-i3.json.log
