instance,Pc,Pm,N_pop,Rs,objective,time,status
30-3-6-a0.1-i1.json,0.3,0.05,30,0.2,6844.0,299.0107889175415,success
30-3-6-a0.1-i1.json,0.3,0.05,50,0.3,7960.0,299.123872756958,success
30-3-6-a0.1-i1.json,0.3,0.05,80,0.4,7960.0,299.50518560409546,success
30-3-6-a0.1-i1.json,0.3,0.1,30,0.3,7014.0,299.00385332107544,success
30-3-6-a0.1-i1.json,0.3,0.1,50,0.4,7960.0,299.3973481655121,success
30-3-6-a0.1-i1.json,0.3,0.1,80,0.2,7960.0,299.0396337509155,success
30-3-6-a0.1-i1.json,0.3,0.2,30,0.4,7030.0,299.014288187027,success
30-3-6-a0.1-i1.json,0.3,0.2,50,0.2,7739.0,299.1624879837036,success
30-3-6-a0.1-i1.json,0.3,0.2,80,0.3,7730.0,299.78708815574646,success
30-3-6-a0.1-i1.json,0.5,0.05,30,0.4,6926.0,299.0253977775574,success
30-3-6-a0.1-i1.json,0.5,0.05,50,0.2,7743.0,299.43606090545654,success
30-3-6-a0.1-i1.json,0.5,0.05,80,0.3,7933.0,299.31359934806824,success
30-3-6-a0.1-i1.json,0.5,0.1,30,0.2,7146.0,299.025785446167,success
30-3-6-a0.1-i1.json,0.5,0.1,50,0.3,7960.0,299.8049969673157,success
30-3-6-a0.1-i1.json,0.5,0.1,80,0.4,7960.0,299.44391679763794,success
30-3-6-a0.1-i1.json,0.5,0.2,30,0.3,7686.0,299.01079630851746,success
30-3-6-a0.1-i1.json,0.5,0.2,50,0.4,7821.0,299.04479360580444,success
30-3-6-a0.1-i1.json,0.5,0.2,80,0.2,7960.0,299.9393129348755,success
30-3-6-a0.1-i1.json,0.7,0.05,30,0.3,6725.0,299.0179331302643,success
30-3-6-a0.1-i1.json,0.7,0.05,50,0.4,7373.0,299.8175163269043,success
30-3-6-a0.1-i1.json,0.7,0.05,80,0.2,7759.0,299.8544239997864,success
30-3-6-a0.1-i1.json,0.7,0.1,30,0.4,7032.0,299.0232660770416,success
30-3-6-a0.1-i1.json,0.7,0.1,50,0.2,7518.0,299.0337746143341,success
30-3-6-a0.1-i1.json,0.7,0.1,80,0.3,7960.0,299.98147773742676,success
30-3-6-a0.1-i1.json,0.7,0.2,30,0.2,7537.0,299.0295078754425,success
30-3-6-a0.1-i1.json,0.7,0.2,50,0.3,7960.0,299.1871976852417,success
30-3-6-a0.1-i1.json,0.7,0.2,80,0.4,7960.0,299.9333779811859,success
30-3-7-a10-i1.json,0.3,0.05,30,0.2,5548.0,299.0037934780121,success
30-3-7-a10-i1.json,0.3,0.05,50,0.3,6002.0,299.0217580795288,success
30-3-7-a10-i1.json,0.3,0.05,80,0.4,6642.0,299.02748823165894,success
30-3-7-a10-i1.json,0.3,0.1,30,0.3,5950.0,299.0245954990387,success
30-3-7-a10-i1.json,0.3,0.1,50,0.4,5882.0,299.0214648246765,success
30-3-7-a10-i1.json,0.3,0.1,80,0.2,7727.0,299.00868916511536,success
30-3-7-a10-i1.json,0.3,0.2,30,0.4,6470.0,299.0233087539673,success
30-3-7-a10-i1.json,0.3,0.2,50,0.2,6900.0,299.01501178741455,success
30-3-7-a10-i1.json,0.3,0.2,80,0.3,7424.0,299.03501057624817,success
30-3-7-a10-i1.json,0.5,0.05,30,0.4,5765.0,299.3963499069214,success
30-3-7-a10-i1.json,0.5,0.05,50,0.2,5866.0,299.05898880958557,success
30-3-7-a10-i1.json,0.5,0.05,80,0.3,6461.0,299.0338406562805,success
30-3-7-a10-i1.json,0.5,0.1,30,0.2,5915.0,299.07760643959045,success
30-3-7-a10-i1.json,0.5,0.1,50,0.3,6201.0,299.0100483894348,success
30-3-7-a10-i1.json,0.5,0.1,80,0.4,7112.0,299.00502943992615,success
30-3-7-a10-i1.json,0.5,0.2,30,0.3,6638.0,299.83226680755615,success
30-3-7-a10-i1.json,0.5,0.2,50,0.4,6639.0,299.0294177532196,success
30-3-7-a10-i1.json,0.5,0.2,80,0.2,7595.0,299.46215867996216,success
30-3-7-a10-i1.json,0.7,0.05,30,0.3,5623.0,299.0175943374634,success
30-3-7-a10-i1.json,0.7,0.05,50,0.4,5698.0,299.0388250350952,success
30-3-7-a10-i1.json,0.7,0.05,80,0.2,6527.0,299.01485443115234,success
30-3-7-a10-i1.json,0.7,0.1,30,0.4,5868.0,299.02143263816833,success
30-3-7-a10-i1.json,0.7,0.1,50,0.2,6459.0,299.06494069099426,success
30-3-7-a10-i1.json,0.7,0.1,80,0.3,7276.0,299.0096130371094,success
30-3-7-a10-i1.json,0.7,0.2,30,0.2,6620.0,299.07758951187134,success
30-3-7-a10-i1.json,0.7,0.2,50,0.3,7038.0,299.0585436820984,success
30-3-7-a10-i1.json,0.7,0.2,80,0.4,6988.0,299.0019590854645,success
30-3-8-a1-i1.json,0.3,0.05,30,0.2,6828.0,299.0226559638977,success
30-3-8-a1-i1.json,0.3,0.05,50,0.3,7816.0,299.2120306491852,success
30-3-8-a1-i1.json,0.3,0.05,80,0.4,7960.0,299.84949135780334,success
30-3-8-a1-i1.json,0.3,0.1,30,0.3,7196.0,299.003005027771,success
30-3-8-a1-i1.json,0.3,0.1,50,0.4,7960.0,299.59585189819336,success
30-3-8-a1-i1.json,0.3,0.1,80,0.2,7945.0,299.08931279182434,success
30-3-8-a1-i1.json,0.3,0.2,30,0.4,7229.0,299.0041947364807,success
30-3-8-a1-i1.json,0.3,0.2,50,0.2,7960.0,299.3169445991516,success
30-3-8-a1-i1.json,0.3,0.2,80,0.3,7960.0,299.782751083374,success
30-3-8-a1-i1.json,0.5,0.05,30,0.4,6801.0,299.0018308162689,success
30-3-8-a1-i1.json,0.5,0.05,50,0.2,7960.0,299.19646310806274,success
30-3-8-a1-i1.json,0.5,0.05,80,0.3,7960.0,299.01598381996155,success
30-3-8-a1-i1.json,0.5,0.1,30,0.2,7273.0,299.0108277797699,success
30-3-8-a1-i1.json,0.5,0.1,50,0.3,7960.0,299.1417212486267,success
30-3-8-a1-i1.json,0.5,0.1,80,0.4,7960.0,299.0379502773285,success
30-3-8-a1-i1.json,0.5,0.2,30,0.3,7519.0,299.24050760269165,success
30-3-8-a1-i1.json,0.5,0.2,50,0.4,7960.0,299.8519356250763,success
30-3-8-a1-i1.json,0.5,0.2,80,0.2,7960.0,299.6269624233246,success
30-3-8-a1-i1.json,0.7,0.05,30,0.3,6933.0,299.01193618774414,success
30-3-8-a1-i1.json,0.7,0.05,50,0.4,7818.0,299.8276550769806,success
30-3-8-a1-i1.json,0.7,0.05,80,0.2,7960.0,299.3970115184784,success
30-3-8-a1-i1.json,0.7,0.1,30,0.4,7203.0,299.02721667289734,success
30-3-8-a1-i1.json,0.7,0.1,50,0.2,7715.0,299.6858870983124,success
30-3-8-a1-i1.json,0.7,0.1,80,0.3,7960.0,299.29664731025696,success
30-3-8-a1-i1.json,0.7,0.2,30,0.2,7519.0,299.0238788127899,success
30-3-8-a1-i1.json,0.7,0.2,50,0.3,7960.0,299.00784850120544,success
30-3-8-a1-i1.json,0.7,0.2,80,0.4,7960.0,299.0043478012085,success
30-4-6-a0.1-i3.json,0.3,0.05,30,0.2,6054.0,299.0359106063843,success
30-4-6-a0.1-i3.json,0.3,0.05,50,0.3,5657.0,299.0511689186096,success
30-4-6-a0.1-i3.json,0.3,0.05,80,0.4,5954.0,299.0268659591675,success
30-4-6-a0.1-i3.json,0.3,0.1,30,0.3,6012.0,299.01505756378174,success
30-4-6-a0.1-i3.json,0.3,0.1,50,0.4,6118.0,299.0425832271576,success
30-4-6-a0.1-i3.json,0.3,0.1,80,0.2,7125.0,299.0169446468353,success
30-4-6-a0.1-i3.json,0.3,0.2,30,0.4,6797.0,299.0192906856537,success
30-4-6-a0.1-i3.json,0.3,0.2,50,0.2,6740.0,299.00684571266174,success
30-4-6-a0.1-i3.json,0.3,0.2,80,0.3,7491.0,299.05002641677856,success
30-4-6-a0.1-i3.json,0.5,0.05,30,0.4,5545.0,299.04457211494446,success
30-4-6-a0.1-i3.json,0.5,0.05,50,0.2,6203.0,299.0226881504059,success
30-4-6-a0.1-i3.json,0.5,0.05,80,0.3,5875.0,299.01776790618896,success
30-4-6-a0.1-i3.json,0.5,0.1,30,0.2,6134.0,299.0100944042206,success
30-4-6-a0.1-i3.json,0.5,0.1,50,0.3,6179.0,299.0222489833832,success
30-4-6-a0.1-i3.json,0.5,0.1,80,0.4,6944.0,299.03709721565247,success
30-4-6-a0.1-i3.json,0.5,0.2,30,0.3,7192.0,299.0446093082428,success
30-4-6-a0.1-i3.json,0.5,0.2,50,0.4,6674.0,299.00934624671936,success
30-4-6-a0.1-i3.json,0.5,0.2,80,0.2,7660.0,299.03218054771423,success
30-4-6-a0.1-i3.json,0.7,0.05,30,0.3,5658.0,299.03226685523987,success
30-4-6-a0.1-i3.json,0.7,0.05,50,0.4,5698.0,299.02893567085266,success
30-4-6-a0.1-i3.json,0.7,0.05,80,0.2,6419.0,299.0462574958801,success
30-4-6-a0.1-i3.json,0.7,0.1,30,0.4,5778.0,299.03497767448425,success
30-4-6-a0.1-i3.json,0.7,0.1,50,0.2,6407.0,299.00716495513916,success
30-4-6-a0.1-i3.json,0.7,0.1,80,0.3,7009.0,299.0224931240082,success
30-4-6-a0.1-i3.json,0.7,0.2,30,0.2,6858.0,299.0068783760071,success
30-4-6-a0.1-i3.json,0.7,0.2,50,0.3,6702.0,299.0135340690613,success
30-4-6-a0.1-i3.json,0.7,0.2,80,0.4,7359.0,299.0323557853699,success
30-4-7-a0.1-i3.json,0.3,0.05,30,0.2,5470.0,299.02308535575867,success
30-4-7-a0.1-i3.json,0.3,0.05,50,0.3,6214.0,299.00378346443176,success
30-4-7-a0.1-i3.json,0.3,0.05,80,0.4,6070.0,299.0185465812683,success
30-4-7-a0.1-i3.json,0.3,0.1,30,0.3,5627.0,299.0177221298218,success
30-4-7-a0.1-i3.json,0.3,0.1,50,0.4,6152.0,299.03913402557373,success
30-4-7-a0.1-i3.json,0.3,0.1,80,0.2,7119.0,299.0076506137848,success
30-4-7-a0.1-i3.json,0.3,0.2,30,0.4,6865.0,299.03967905044556,success
30-4-7-a0.1-i3.json,0.3,0.2,50,0.2,7049.0,299.0118751525879,success
30-4-7-a0.1-i3.json,0.3,0.2,80,0.3,7660.0,299.65734481811523,success
30-4-7-a0.1-i3.json,0.5,0.05,30,0.4,5597.0,299.03753900527954,success
30-4-7-a0.1-i3.json,0.5,0.05,50,0.2,5743.0,299.00277161598206,success
30-4-7-a0.1-i3.json,0.5,0.05,80,0.3,6132.0,299.00944471359253,success
30-4-7-a0.1-i3.json,0.5,0.1,30,0.2,5645.0,299.0132200717926,success
30-4-7-a0.1-i3.json,0.5,0.1,50,0.3,6505.0,299.0107526779175,success
30-4-7-a0.1-i3.json,0.5,0.1,80,0.4,7155.0,299.00463700294495,success
30-4-7-a0.1-i3.json,0.5,0.2,30,0.3,6910.0,299.02761673927307,success
30-4-7-a0.1-i3.json,0.5,0.2,50,0.4,6966.0,299.0194845199585,success
30-4-7-a0.1-i3.json,0.5,0.2,80,0.2,7660.0,299.3115565776825,success
30-4-7-a0.1-i3.json,0.7,0.05,30,0.3,5472.0,299.02928924560547,success
30-4-7-a0.1-i3.json,0.7,0.05,50,0.4,6052.0,299.0272915363312,success
30-4-7-a0.1-i3.json,0.7,0.05,80,0.2,6619.0,299.03802132606506,success
30-4-7-a0.1-i3.json,0.7,0.1,30,0.4,6041.0,299.00871777534485,success
30-4-7-a0.1-i3.json,0.7,0.1,50,0.2,6397.0,299.03821754455566,success
30-4-7-a0.1-i3.json,0.7,0.1,80,0.3,7660.0,299.707795381546,success
30-4-7-a0.1-i3.json,0.7,0.2,30,0.2,6558.0,299.0042419433594,success
30-4-7-a0.1-i3.json,0.7,0.2,50,0.3,7156.0,299.0355923175812,success
30-4-7-a0.1-i3.json,0.7,0.2,80,0.4,7521.0,299.01088213920593,success
30-4-8-a100-i1.json,0.3,0.05,30,0.2,5750.0,299.0378260612488,success
30-4-8-a100-i1.json,0.3,0.05,50,0.3,6748.0,299.02534794807434,success
30-4-8-a100-i1.json,0.3,0.05,80,0.4,6530.0,299.00116086006165,success
30-4-8-a100-i1.json,0.3,0.1,30,0.3,6218.0,299.3843331336975,success
30-4-8-a100-i1.json,0.3,0.1,50,0.4,6829.0,299.05703473091125,success
30-4-8-a100-i1.json,0.3,0.1,80,0.2,7219.0,299.136048078537,success
30-4-8-a100-i1.json,0.3,0.2,30,0.4,6605.0,299.02853202819824,success
30-4-8-a100-i1.json,0.3,0.2,50,0.2,6696.0,299.02778458595276,success
30-4-8-a100-i1.json,0.3,0.2,80,0.3,7296.0,299.0296528339386,success
30-4-8-a100-i1.json,0.5,0.05,30,0.4,5683.0,299.0702176094055,success
30-4-8-a100-i1.json,0.5,0.05,50,0.2,6491.0,299.07965898513794,success
30-4-8-a100-i1.json,0.5,0.05,80,0.3,6957.0,299.2358078956604,success
30-4-8-a100-i1.json,0.5,0.1,30,0.2,6397.0,299.57293248176575,success
30-4-8-a100-i1.json,0.5,0.1,50,0.3,6924.0,299.10573744773865,success
30-4-8-a100-i1.json,0.5,0.1,80,0.4,7251.0,299.40566873550415,success
30-4-8-a100-i1.json,0.5,0.2,30,0.3,6631.0,299.5961015224457,success
30-4-8-a100-i1.json,0.5,0.2,50,0.4,6876.0,299.00572085380554,success
30-4-8-a100-i1.json,0.5,0.2,80,0.2,7409.0,299.2361526489258,success
30-4-8-a100-i1.json,0.7,0.05,30,0.3,5579.0,299.00477623939514,success
30-4-8-a100-i1.json,0.7,0.05,50,0.4,6502.0,299.04557061195374,success
30-4-8-a100-i1.json,0.7,0.05,80,0.2,7069.0,299.3633074760437,success
30-4-8-a100-i1.json,0.7,0.1,30,0.4,5919.0,299.0057728290558,success
30-4-8-a100-i1.json,0.7,0.1,50,0.2,6933.0,299.0147352218628,success
30-4-8-a100-i1.json,0.7,0.1,80,0.3,7571.0,299.04573488235474,success
30-4-8-a100-i1.json,0.7,0.2,30,0.2,6706.0,299.4475100040436,success
30-4-8-a100-i1.json,0.7,0.2,50,0.3,6850.0,299.0453495979309,success
30-4-8-a100-i1.json,0.7,0.2,80,0.4,7359.0,299.7031741142273,success
30-5-6-a0.1-i1.json,0.3,0.05,30,0.2,6250.0,299.0106508731842,success
30-5-6-a0.1-i1.json,0.3,0.05,50,0.3,6769.0,299.02910685539246,success
30-5-6-a0.1-i1.json,0.3,0.05,80,0.4,7013.0,299.0167193412781,success
30-5-6-a0.1-i1.json,0.3,0.1,30,0.3,7045.0,299.0336904525757,success
30-5-6-a0.1-i1.json,0.3,0.1,50,0.4,6841.0,299.0011088848114,success
30-5-6-a0.1-i1.json,0.3,0.1,80,0.2,7217.0,299.03414130210876,success
30-5-6-a0.1-i1.json,0.3,0.2,30,0.4,7019.0,299.02324771881104,success
30-5-6-a0.1-i1.json,0.3,0.2,50,0.2,7664.0,299.0029444694519,success
30-5-6-a0.1-i1.json,0.3,0.2,80,0.3,8050.0,299.01387429237366,success
30-5-6-a0.1-i1.json,0.5,0.05,30,0.4,6101.0,299.0131928920746,success
30-5-6-a0.1-i1.json,0.5,0.05,50,0.2,6658.0,299.0094323158264,success
30-5-6-a0.1-i1.json,0.5,0.05,80,0.3,6757.0,299.02306032180786,success
30-5-6-a0.1-i1.json,0.5,0.1,30,0.2,6746.0,299.0020914077759,success
30-5-6-a0.1-i1.json,0.5,0.1,50,0.3,6880.0,299.0018365383148,success
30-5-6-a0.1-i1.json,0.5,0.1,80,0.4,7397.0,299.0455584526062,success
30-5-6-a0.1-i1.json,0.5,0.2,30,0.3,7258.0,299.0139248371124,success
30-5-6-a0.1-i1.json,0.5,0.2,50,0.4,7643.0,299.0367214679718,success
30-5-6-a0.1-i1.json,0.5,0.2,80,0.2,8050.0,299.0103335380554,success
30-5-6-a0.1-i1.json,0.7,0.05,30,0.3,5946.0,299.02425479888916,success
30-5-6-a0.1-i1.json,0.7,0.05,50,0.4,6467.0,299.0181157588959,success
30-5-6-a0.1-i1.json,0.7,0.05,80,0.2,6987.0,299.0036358833313,success
30-5-6-a0.1-i1.json,0.7,0.1,30,0.4,6786.0,299.0262026786804,success
30-5-6-a0.1-i1.json,0.7,0.1,50,0.2,6902.0,299.01126074790955,success
30-5-6-a0.1-i1.json,0.7,0.1,80,0.3,7325.0,299.0106544494629,success
30-5-6-a0.1-i1.json,0.7,0.2,30,0.2,7209.0,299.0374825000763,success
30-5-6-a0.1-i1.json,0.7,0.2,50,0.3,7608.0,299.0049057006836,success
30-5-6-a0.1-i1.json,0.7,0.2,80,0.4,7432.0,299.00540351867676,success
30-5-7-a1-i1.json,0.3,0.05,30,0.2,6322.0,299.01990580558777,success
30-5-7-a1-i1.json,0.3,0.05,50,0.3,6202.0,299.03747820854187,success
30-5-7-a1-i1.json,0.3,0.05,80,0.4,7905.0,299.021279335022,success
30-5-7-a1-i1.json,0.3,0.1,30,0.3,6806.0,299.01477313041687,success
30-5-7-a1-i1.json,0.3,0.1,50,0.4,6710.0,299.0349681377411,success
30-5-7-a1-i1.json,0.3,0.1,80,0.2,7009.0,299.0034530162811,success
30-5-7-a1-i1.json,0.3,0.2,30,0.4,7406.0,299.0507745742798,success
30-5-7-a1-i1.json,0.3,0.2,50,0.2,7362.0,299.0186755657196,success
30-5-7-a1-i1.json,0.3,0.2,80,0.3,8050.0,299.04819774627686,success
30-5-7-a1-i1.json,0.5,0.05,30,0.4,5801.0,299.01024746894836,success
30-5-7-a1-i1.json,0.5,0.05,50,0.2,6313.0,299.0071358680725,success
30-5-7-a1-i1.json,0.5,0.05,80,0.3,8050.0,299.0396614074707,success
30-5-7-a1-i1.json,0.5,0.1,30,0.2,6788.0,299.0121886730194,success
30-5-7-a1-i1.json,0.5,0.1,50,0.3,6674.0,299.019832611084,success
30-5-7-a1-i1.json,0.5,0.1,80,0.4,7409.0,299.0064458847046,success
30-5-7-a1-i1.json,0.5,0.2,30,0.3,7390.0,299.0012586116791,success
30-5-7-a1-i1.json,0.5,0.2,50,0.4,7168.0,299.03102850914,success
30-5-7-a1-i1.json,0.5,0.2,80,0.2,8050.0,299.02293491363525,success
30-5-7-a1-i1.json,0.7,0.05,30,0.3,5936.0,299.0325825214386,success
30-5-7-a1-i1.json,0.7,0.05,50,0.4,6159.0,299.0321545600891,success
30-5-7-a1-i1.json,0.7,0.05,80,0.2,8037.0,299.03271555900574,success
30-5-7-a1-i1.json,0.7,0.1,30,0.4,6761.0,299.0176889896393,success
30-5-7-a1-i1.json,0.7,0.1,50,0.2,7146.0,299.0050759315491,success
30-5-7-a1-i1.json,0.7,0.1,80,0.3,6924.0,299.04837703704834,success
30-5-7-a1-i1.json,0.7,0.2,30,0.2,7005.0,299.00112867355347,success
30-5-7-a1-i1.json,0.7,0.2,50,0.3,7294.0,299.029043674469,success
30-5-7-a1-i1.json,0.7,0.2,80,0.4,8050.0,299.0019907951355,success
30-5-8-a0.1-i3.json,0.3,0.05,30,0.2,5763.0,299.04023337364197,success
30-5-8-a0.1-i3.json,0.3,0.05,50,0.3,5442.0,299.03325724601746,success
30-5-8-a0.1-i3.json,0.3,0.05,80,0.4,7215.0,299.33670568466187,success
30-5-8-a0.1-i3.json,0.3,0.1,30,0.3,6069.0,299.0056264400482,success
30-5-8-a0.1-i3.json,0.3,0.1,50,0.4,6195.0,299.029096364975,success
30-5-8-a0.1-i3.json,0.3,0.1,80,0.2,6945.0,299.0002179145813,success
30-5-8-a0.1-i3.json,0.3,0.2,30,0.4,7035.0,299.0328435897827,success
30-5-8-a0.1-i3.json,0.3,0.2,50,0.2,7164.0,299.0282895565033,success
30-5-8-a0.1-i3.json,0.3,0.2,80,0.3,7231.0,299.01448345184326,success
30-5-8-a0.1-i3.json,0.5,0.05,30,0.4,5631.0,299.0079357624054,success
30-5-8-a0.1-i3.json,0.5,0.05,50,0.2,5626.0,299.0088143348694,success
30-5-8-a0.1-i3.json,0.5,0.05,80,0.3,7215.0,299.0423469543457,success
30-5-8-a0.1-i3.json,0.5,0.1,30,0.2,6068.0,299.03213691711426,success
30-5-8-a0.1-i3.json,0.5,0.1,50,0.3,6157.0,299.0432677268982,success
30-5-8-a0.1-i3.json,0.5,0.1,80,0.4,7164.0,299.0229470729828,success
30-5-8-a0.1-i3.json,0.5,0.2,30,0.3,6732.0,299.0116572380066,success
30-5-8-a0.1-i3.json,0.5,0.2,50,0.4,6989.0,299.0427715778351,success
30-5-8-a0.1-i3.json,0.5,0.2,80,0.2,7490.0,299.03038787841797,success
30-5-8-a0.1-i3.json,0.7,0.05,30,0.3,5388.0,299.0027656555176,success
30-5-8-a0.1-i3.json,0.7,0.05,50,0.4,5733.0,299.0073721408844,success
30-5-8-a0.1-i3.json,0.7,0.05,80,0.2,7432.0,299.0598793029785,success
30-5-8-a0.1-i3.json,0.7,0.1,30,0.4,6131.0,299.00459814071655,success
30-5-8-a0.1-i3.json,0.7,0.1,50,0.2,6217.0,299.013906955719,success
30-5-8-a0.1-i3.json,0.7,0.1,80,0.3,7111.0,299.0279803276062,success
30-5-8-a0.1-i3.json,0.7,0.2,30,0.2,6971.0,299.0400564670563,success
30-5-8-a0.1-i3.json,0.7,0.2,50,0.3,6864.0,299.7337255477905,success
30-5-8-a0.1-i3.json,0.7,0.2,80,0.4,7490.0,299.8929138183594,success
50-3-6-a1-i3.json,0.3,0.05,30,0.2,12668.0,299.00414299964905,success
50-3-6-a1-i3.json,0.3,0.05,50,0.3,13460.0,299.9048502445221,success
50-3-6-a1-i3.json,0.3,0.05,80,0.4,13460.0,299.82877683639526,success
50-3-6-a1-i3.json,0.3,0.1,30,0.3,12797.0,299.03799533843994,success
50-3-6-a1-i3.json,0.3,0.1,50,0.4,13460.0,299.0018711090088,success
50-3-6-a1-i3.json,0.3,0.1,80,0.2,13460.0,299.9912347793579,success
50-3-6-a1-i3.json,0.3,0.2,30,0.4,13460.0,299.37528109550476,success
50-3-6-a1-i3.json,0.3,0.2,50,0.2,13460.0,299.0634307861328,success
50-3-6-a1-i3.json,0.3,0.2,80,0.3,13460.0,299.3905644416809,success
50-3-6-a1-i3.json,0.5,0.05,30,0.4,12097.0,299.00565004348755,success
50-3-6-a1-i3.json,0.5,0.05,50,0.2,13460.0,299.48285961151123,success
50-3-6-a1-i3.json,0.5,0.05,80,0.3,13460.0,299.61255717277527,success
50-3-6-a1-i3.json,0.5,0.1,30,0.2,12973.0,299.035596370697,success
50-3-6-a1-i3.json,0.5,0.1,50,0.3,13460.0,299.6910967826843,success
50-3-6-a1-i3.json,0.5,0.1,80,0.4,13460.0,299.8818600177765,success
50-3-6-a1-i3.json,0.5,0.2,30,0.3,13460.0,299.93768310546875,success
50-3-6-a1-i3.json,0.5,0.2,50,0.4,13460.0,299.1379852294922,success
50-3-6-a1-i3.json,0.5,0.2,80,0.2,13460.0,299.3374466896057,success
50-3-6-a1-i3.json,0.7,0.05,30,0.3,12804.0,299.0254454612732,success
50-3-6-a1-i3.json,0.7,0.05,50,0.4,13460.0,300.0365219116211,success
50-3-6-a1-i3.json,0.7,0.05,80,0.2,13460.0,299.4019899368286,success
50-3-6-a1-i3.json,0.7,0.1,30,0.4,12688.0,299.0260055065155,success
50-3-6-a1-i3.json,0.7,0.1,50,0.2,13460.0,299.19503021240234,success
50-3-6-a1-i3.json,0.7,0.1,80,0.3,13460.0,299.2909371852875,success
50-3-6-a1-i3.json,0.7,0.2,30,0.2,13460.0,299.74984312057495,success
50-3-6-a1-i3.json,0.7,0.2,50,0.3,13460.0,299.83107113838196,success
50-3-6-a1-i3.json,0.7,0.2,80,0.4,13460.0,299.3568525314331,success
50-3-7-a100-i1.json,0.3,0.05,30,0.2,11830.0,299.56564116477966,success
50-3-7-a100-i1.json,0.3,0.05,50,0.3,11830.0,299.49177145957947,success
50-3-7-a100-i1.json,0.3,0.05,80,0.4,11830.0,299.76022577285767,success
50-3-7-a100-i1.json,0.3,0.1,30,0.3,11830.0,299.23474884033203,success
50-3-7-a100-i1.json,0.3,0.1,50,0.4,11830.0,299.71191334724426,success
50-3-7-a100-i1.json,0.3,0.1,80,0.2,11830.0,299.1115474700928,success
50-3-7-a100-i1.json,0.3,0.2,30,0.4,11830.0,299.6844172477722,success
50-3-7-a100-i1.json,0.3,0.2,50,0.2,11830.0,299.4190192222595,success
50-3-7-a100-i1.json,0.3,0.2,80,0.3,11830.0,299.6556532382965,success
50-3-7-a100-i1.json,0.5,0.05,30,0.4,11830.0,299.221883058548,success
50-3-7-a100-i1.json,0.5,0.05,50,0.2,11830.0,299.7120885848999,success
50-3-7-a100-i1.json,0.5,0.05,80,0.3,11830.0,299.58451080322266,success
50-3-7-a100-i1.json,0.5,0.1,30,0.2,11830.0,299.50501132011414,success
50-3-7-a100-i1.json,0.5,0.1,50,0.3,11830.0,299.9006962776184,success
50-3-7-a100-i1.json,0.5,0.1,80,0.4,11830.0,299.4947109222412,success
50-3-7-a100-i1.json,0.5,0.2,30,0.3,11830.0,299.28608870506287,success
50-3-7-a100-i1.json,0.5,0.2,50,0.4,11830.0,299.4128963947296,success
50-3-7-a100-i1.json,0.5,0.2,80,0.2,11830.0,299.78255319595337,success
50-3-7-a100-i1.json,0.7,0.05,30,0.3,11830.0,299.40193939208984,success
50-3-7-a100-i1.json,0.7,0.05,50,0.4,11830.0,299.8806858062744,success
50-3-7-a100-i1.json,0.7,0.05,80,0.2,11830.0,299.5405786037445,success
50-3-7-a100-i1.json,0.7,0.1,30,0.4,11830.0,299.7874894142151,success
50-3-7-a100-i1.json,0.7,0.1,50,0.2,11830.0,299.6565783023834,success
50-3-7-a100-i1.json,0.7,0.1,80,0.3,11830.0,299.84044218063354,success
50-3-7-a100-i1.json,0.7,0.2,30,0.2,11830.0,299.2425379753113,success
50-3-7-a100-i1.json,0.7,0.2,50,0.3,11830.0,299.1385281085968,success
50-3-7-a100-i1.json,0.7,0.2,80,0.4,11830.0,299.0196883678436,success
50-3-8-a100-i3.json,0.3,0.05,30,0.2,13460.0,299.77057695388794,success
50-3-8-a100-i3.json,0.3,0.05,50,0.3,13460.0,299.64191126823425,success
50-3-8-a100-i3.json,0.3,0.05,80,0.4,13460.0,299.4264509677887,success
50-3-8-a100-i3.json,0.3,0.1,30,0.3,13460.0,299.5136790275574,success
50-3-8-a100-i3.json,0.3,0.1,50,0.4,13460.0,299.44560861587524,success
50-3-8-a100-i3.json,0.3,0.1,80,0.2,13460.0,299.72757935523987,success
50-3-8-a100-i3.json,0.3,0.2,30,0.4,13460.0,299.290668964386,success
50-3-8-a100-i3.json,0.3,0.2,50,0.2,13460.0,299.15261363983154,success
50-3-8-a100-i3.json,0.3,0.2,80,0.3,13460.0,299.6169514656067,success
50-3-8-a100-i3.json,0.5,0.05,30,0.4,13460.0,299.7210590839386,success
50-3-8-a100-i3.json,0.5,0.05,50,0.2,13460.0,299.5761957168579,success
50-3-8-a100-i3.json,0.5,0.05,80,0.3,13460.0,299.83597922325134,success
50-3-8-a100-i3.json,0.5,0.1,30,0.2,13460.0,299.35832357406616,success
50-3-8-a100-i3.json,0.5,0.1,50,0.3,13460.0,299.7582812309265,success
50-3-8-a100-i3.json,0.5,0.1,80,0.4,13460.0,299.8798360824585,success
50-3-8-a100-i3.json,0.5,0.2,30,0.3,13460.0,299.7615854740143,success
50-3-8-a100-i3.json,0.5,0.2,50,0.4,13460.0,299.424601316452,success
50-3-8-a100-i3.json,0.5,0.2,80,0.2,13460.0,299.0204327106476,success
50-3-8-a100-i3.json,0.7,0.05,30,0.3,13460.0,299.65925335884094,success
50-3-8-a100-i3.json,0.7,0.05,50,0.4,13460.0,299.3457133769989,success
50-3-8-a100-i3.json,0.7,0.05,80,0.2,13460.0,299.91879415512085,success
50-3-8-a100-i3.json,0.7,0.1,30,0.4,13460.0,299.62946367263794,success
50-3-8-a100-i3.json,0.7,0.1,50,0.2,13460.0,299.40090703964233,success
50-3-8-a100-i3.json,0.7,0.1,80,0.3,13460.0,299.51364374160767,success
50-3-8-a100-i3.json,0.7,0.2,30,0.2,13460.0,299.00488781929016,success
50-3-8-a100-i3.json,0.7,0.2,50,0.3,13460.0,299.9179742336273,success
50-3-8-a100-i3.json,0.7,0.2,80,0.4,13460.0,299.40718483924866,success
50-4-6-a10-i1.json,0.3,0.05,30,0.2,11660.0,300.0579617023468,success
50-4-6-a10-i1.json,0.3,0.05,50,0.3,11660.0,299.6193039417267,success
50-4-6-a10-i1.json,0.3,0.05,80,0.4,11660.0,299.52696895599365,success
50-4-6-a10-i1.json,0.3,0.1,30,0.3,11660.0,299.5283536911011,success
50-4-6-a10-i1.json,0.3,0.1,50,0.4,11660.0,299.16973638534546,success
50-4-6-a10-i1.json,0.3,0.1,80,0.2,11660.0,300.0461480617523,success
50-4-6-a10-i1.json,0.3,0.2,30,0.4,11660.0,299.5675027370453,success
50-4-6-a10-i1.json,0.3,0.2,50,0.2,11660.0,299.58710646629333,success
50-4-6-a10-i1.json,0.3,0.2,80,0.3,11660.0,299.9467649459839,success
50-4-6-a10-i1.json,0.5,0.05,30,0.4,11660.0,299.5731155872345,success
50-4-6-a10-i1.json,0.5,0.05,50,0.2,11660.0,299.9621961116791,success
50-4-6-a10-i1.json,0.5,0.05,80,0.3,11660.0,299.6962914466858,success
50-4-6-a10-i1.json,0.5,0.1,30,0.2,11660.0,299.2324528694153,success
50-4-6-a10-i1.json,0.5,0.1,50,0.3,11660.0,299.51495480537415,success
50-4-6-a10-i1.json,0.5,0.1,80,0.4,11660.0,299.4914598464966,success
50-4-6-a10-i1.json,0.5,0.2,30,0.3,11660.0,299.46946954727173,success
50-4-6-a10-i1.json,0.5,0.2,50,0.4,11660.0,299.55871391296387,success
50-4-6-a10-i1.json,0.5,0.2,80,0.2,11660.0,299.1287748813629,success
50-4-6-a10-i1.json,0.7,0.05,30,0.3,11660.0,299.1371762752533,success
50-4-6-a10-i1.json,0.7,0.05,50,0.4,11660.0,299.46592235565186,success
50-4-6-a10-i1.json,0.7,0.05,80,0.2,11660.0,299.41817355155945,success
50-4-6-a10-i1.json,0.7,0.1,30,0.4,11660.0,299.86295557022095,success
50-4-6-a10-i1.json,0.7,0.1,50,0.2,11660.0,299.27627992630005,success
50-4-6-a10-i1.json,0.7,0.1,80,0.3,11660.0,299.7951307296753,success
50-4-6-a10-i1.json,0.7,0.2,30,0.2,11660.0,299.52905011177063,success
50-4-6-a10-i1.json,0.7,0.2,50,0.3,11660.0,299.5454378128052,success
50-4-6-a10-i1.json,0.7,0.2,80,0.4,11660.0,299.7817063331604,success
50-4-7-a1-i3.json,0.3,0.05,30,0.2,13300.0,299.34338092803955,success
50-4-7-a1-i3.json,0.3,0.05,50,0.3,13300.0,299.56666564941406,success
50-4-7-a1-i3.json,0.3,0.05,80,0.4,13300.0,299.8652312755585,success
50-4-7-a1-i3.json,0.3,0.1,30,0.3,13300.0,299.34762811660767,success
50-4-7-a1-i3.json,0.3,0.1,50,0.4,13300.0,299.7634382247925,success
50-4-7-a1-i3.json,0.3,0.1,80,0.2,13300.0,299.1799931526184,success
50-4-7-a1-i3.json,0.3,0.2,30,0.4,13300.0,299.29395747184753,success
50-4-7-a1-i3.json,0.3,0.2,50,0.2,13300.0,299.74579071998596,success
50-4-7-a1-i3.json,0.3,0.2,80,0.3,13300.0,299.67400074005127,success
50-4-7-a1-i3.json,0.5,0.05,30,0.4,13300.0,299.80163502693176,success
50-4-7-a1-i3.json,0.5,0.05,50,0.2,13300.0,299.43781065940857,success
50-4-7-a1-i3.json,0.5,0.05,80,0.3,13300.0,299.8166329860687,success
50-4-7-a1-i3.json,0.5,0.1,30,0.2,13300.0,299.81746315956116,success
50-4-7-a1-i3.json,0.5,0.1,50,0.3,13300.0,299.4649398326874,success
50-4-7-a1-i3.json,0.5,0.1,80,0.4,13300.0,299.3504478931427,success
50-4-7-a1-i3.json,0.5,0.2,30,0.3,13300.0,299.81633257865906,success
50-4-7-a1-i3.json,0.5,0.2,50,0.4,13300.0,299.50866055488586,success
50-4-7-a1-i3.json,0.5,0.2,80,0.2,13300.0,300.05519461631775,success
50-4-7-a1-i3.json,0.7,0.05,30,0.3,13300.0,299.7917528152466,success
50-4-7-a1-i3.json,0.7,0.05,50,0.4,13300.0,299.922842502594,success
50-4-7-a1-i3.json,0.7,0.05,80,0.2,13300.0,299.4037895202637,success
50-4-7-a1-i3.json,0.7,0.1,30,0.4,13300.0,299.95831847190857,success
50-4-7-a1-i3.json,0.7,0.1,50,0.2,13300.0,299.26755952835083,success
50-4-7-a1-i3.json,0.7,0.1,80,0.3,13300.0,299.843243598938,success
50-4-7-a1-i3.json,0.7,0.2,30,0.2,13300.0,299.3510491847992,success
50-4-7-a1-i3.json,0.7,0.2,50,0.3,13300.0,299.1100845336914,success
50-4-7-a1-i3.json,0.7,0.2,80,0.4,13300.0,299.8471329212189,success
50-4-8-a100-i2.json,0.3,0.05,30,0.2,13250.0,299.92183446884155,success
50-4-8-a100-i2.json,0.3,0.05,50,0.3,13250.0,299.65663409233093,success
50-4-8-a100-i2.json,0.3,0.05,80,0.4,13250.0,299.4406702518463,success
50-4-8-a100-i2.json,0.3,0.1,30,0.3,13250.0,299.7703959941864,success
50-4-8-a100-i2.json,0.3,0.1,50,0.4,13250.0,300.0468444824219,success
50-4-8-a100-i2.json,0.3,0.1,80,0.2,13250.0,299.3837831020355,success
50-4-8-a100-i2.json,0.3,0.2,30,0.4,13250.0,299.7711889743805,success
50-4-8-a100-i2.json,0.3,0.2,50,0.2,13250.0,299.5442011356354,success
50-4-8-a100-i2.json,0.3,0.2,80,0.3,13250.0,299.3783543109894,success
50-4-8-a100-i2.json,0.5,0.05,30,0.4,13250.0,299.48585772514343,success
50-4-8-a100-i2.json,0.5,0.05,50,0.2,13250.0,299.1993362903595,success
50-4-8-a100-i2.json,0.5,0.05,80,0.3,13250.0,299.27983379364014,success
50-4-8-a100-i2.json,0.5,0.1,30,0.2,13250.0,299.7685663700104,success
50-4-8-a100-i2.json,0.5,0.1,50,0.3,13250.0,299.8108627796173,success
50-4-8-a100-i2.json,0.5,0.1,80,0.4,13250.0,299.5918152332306,success
50-4-8-a100-i2.json,0.5,0.2,30,0.3,13250.0,299.2453498840332,success
50-4-8-a100-i2.json,0.5,0.2,50,0.4,13250.0,299.63365507125854,success
50-4-8-a100-i2.json,0.5,0.2,80,0.2,13250.0,299.79980874061584,success
50-4-8-a100-i2.json,0.7,0.05,30,0.3,13250.0,299.42294669151306,success
50-4-8-a100-i2.json,0.7,0.05,50,0.4,13250.0,299.93614888191223,success
50-4-8-a100-i2.json,0.7,0.05,80,0.2,13250.0,299.7508478164673,success
50-4-8-a100-i2.json,0.7,0.1,30,0.4,13250.0,299.1818046569824,success
50-4-8-a100-i2.json,0.7,0.1,50,0.2,13250.0,299.97438788414,success
50-4-8-a100-i2.json,0.7,0.1,80,0.3,13250.0,299.45540618896484,success
50-4-8-a100-i2.json,0.7,0.2,30,0.2,13250.0,299.41633653640747,success
50-4-8-a100-i2.json,0.7,0.2,50,0.3,13250.0,299.25873923301697,success
50-4-8-a100-i2.json,0.7,0.2,80,0.4,13250.0,299.4533689022064,success
50-5-6-a10-i1.json,0.3,0.05,30,0.2,9836.0,299.0500075817108,success
50-5-6-a10-i1.json,0.3,0.05,50,0.3,10760.0,299.00695633888245,success
50-5-6-a10-i1.json,0.3,0.05,80,0.4,11732.0,299.12686920166016,success
50-5-6-a10-i1.json,0.3,0.1,30,0.3,10789.0,299.01030230522156,success
50-5-6-a10-i1.json,0.3,0.1,50,0.4,10685.0,299.0557293891907,success
50-5-6-a10-i1.json,0.3,0.1,80,0.2,11589.0,299.52896094322205,success
50-5-6-a10-i1.json,0.3,0.2,30,0.4,11169.0,299.09195375442505,success
50-5-6-a10-i1.json,0.3,0.2,50,0.2,11484.0,299.0289204120636,success
50-5-6-a10-i1.json,0.3,0.2,80,0.3,11840.0,299.3242554664612,success
50-5-6-a10-i1.json,0.5,0.05,30,0.4,9804.0,299.04940724372864,success
50-5-6-a10-i1.json,0.5,0.05,50,0.2,11192.0,299.0367259979248,success
50-5-6-a10-i1.json,0.5,0.05,80,0.3,11732.0,299.6309244632721,success
50-5-6-a10-i1.json,0.5,0.1,30,0.2,10985.0,299.0012376308441,success
50-5-6-a10-i1.json,0.5,0.1,50,0.3,11076.0,299.04125475883484,success
50-5-6-a10-i1.json,0.5,0.1,80,0.4,11370.0,299.1137390136719,success
50-5-6-a10-i1.json,0.5,0.2,30,0.3,11395.0,299.03487491607666,success
50-5-6-a10-i1.json,0.5,0.2,50,0.4,11827.0,299.0101909637451,success
50-5-6-a10-i1.json,0.5,0.2,80,0.2,11840.0,299.01610112190247,success
50-5-6-a10-i1.json,0.7,0.05,30,0.3,10270.0,299.03450179100037,success
50-5-6-a10-i1.json,0.7,0.05,50,0.4,10854.0,299.01650643348694,success
50-5-6-a10-i1.json,0.7,0.05,80,0.2,11732.0,299.2406816482544,success
50-5-6-a10-i1.json,0.7,0.1,30,0.4,10377.0,299.01484298706055,success
50-5-6-a10-i1.json,0.7,0.1,50,0.2,11010.0,299.00267362594604,success
50-5-6-a10-i1.json,0.7,0.1,80,0.3,11589.0,299.4899470806122,success
50-5-6-a10-i1.json,0.7,0.2,30,0.2,10992.0,299.0376832485199,success
50-5-6-a10-i1.json,0.7,0.2,50,0.3,11793.0,299.3135418891907,success
50-5-6-a10-i1.json,0.7,0.2,80,0.4,11840.0,299.0952396392822,success
50-5-7-a1-i2.json,0.3,0.05,30,0.2,13110.0,299.00431513786316,success
50-5-7-a1-i2.json,0.3,0.05,50,0.3,13110.0,299.2728292942047,success
50-5-7-a1-i2.json,0.3,0.05,80,0.4,13110.0,299.72648525238037,success
50-5-7-a1-i2.json,0.3,0.1,30,0.3,13110.0,299.3121314048767,success
50-5-7-a1-i2.json,0.3,0.1,50,0.4,13110.0,299.0421509742737,success
50-5-7-a1-i2.json,0.3,0.1,80,0.2,13110.0,299.0043296813965,success
50-5-7-a1-i2.json,0.3,0.2,30,0.4,12577.0,299.1956775188446,success
50-5-7-a1-i2.json,0.3,0.2,50,0.2,13110.0,299.7998700141907,success
50-5-7-a1-i2.json,0.3,0.2,80,0.3,13110.0,299.7305910587311,success
50-5-7-a1-i2.json,0.5,0.05,30,0.4,12878.0,299.51219177246094,success
50-5-7-a1-i2.json,0.5,0.05,50,0.2,13110.0,299.6005766391754,success
50-5-7-a1-i2.json,0.5,0.05,80,0.3,13110.0,299.8675904273987,success
50-5-7-a1-i2.json,0.5,0.1,30,0.2,13110.0,299.95858550071716,success
50-5-7-a1-i2.json,0.5,0.1,50,0.3,13110.0,299.07579731941223,success
50-5-7-a1-i2.json,0.5,0.1,80,0.4,13110.0,299.06006479263306,success
50-5-7-a1-i2.json,0.5,0.2,30,0.3,13110.0,299.7054591178894,success
50-5-7-a1-i2.json,0.5,0.2,50,0.4,13110.0,299.4399914741516,success
50-5-7-a1-i2.json,0.5,0.2,80,0.2,13110.0,299.1787691116333,success
50-5-7-a1-i2.json,0.7,0.05,30,0.3,13110.0,299.60920310020447,success
50-5-7-a1-i2.json,0.7,0.05,50,0.4,13110.0,299.2745428085327,success
50-5-7-a1-i2.json,0.7,0.05,80,0.2,13110.0,299.1533739566803,success
50-5-7-a1-i2.json,0.7,0.1,30,0.4,13110.0,299.7537999153137,success
50-5-7-a1-i2.json,0.7,0.1,50,0.2,13110.0,299.7778739929199,success
50-5-7-a1-i2.json,0.7,0.1,80,0.3,13110.0,299.9739146232605,success
50-5-7-a1-i2.json,0.7,0.2,30,0.2,13110.0,299.55553126335144,success
50-5-7-a1-i2.json,0.7,0.2,50,0.3,13110.0,299.233736038208,success
50-5-7-a1-i2.json,0.7,0.2,80,0.4,13110.0,299.16830611228943,success
50-5-8-a0.1-i1.json,0.3,0.05,30,0.2,11840.0,300.0040442943573,success
50-5-8-a0.1-i1.json,0.3,0.05,50,0.3,11840.0,300.0316038131714,success
50-5-8-a0.1-i1.json,0.3,0.05,80,0.4,11840.0,299.84774470329285,success
50-5-8-a0.1-i1.json,0.3,0.1,30,0.3,11730.0,300.0390899181366,success
50-5-8-a0.1-i1.json,0.3,0.1,50,0.4,11840.0,299.0906376838684,success
50-5-8-a0.1-i1.json,0.3,0.1,80,0.2,11840.0,299.7872669696808,success
50-5-8-a0.1-i1.json,0.3,0.2,30,0.4,11840.0,299.27454137802124,success
50-5-8-a0.1-i1.json,0.3,0.2,50,0.2,11840.0,299.49334692955017,success
50-5-8-a0.1-i1.json,0.3,0.2,80,0.3,11840.0,299.32510471343994,success
50-5-8-a0.1-i1.json,0.5,0.05,30,0.4,11840.0,299.60859870910645,success
50-5-8-a0.1-i1.json,0.5,0.05,50,0.2,11840.0,299.48144006729126,success
50-5-8-a0.1-i1.json,0.5,0.05,80,0.3,11840.0,299.4495599269867,success
50-5-8-a0.1-i1.json,0.5,0.1,30,0.2,11840.0,299.045446395874,success
50-5-8-a0.1-i1.json,0.5,0.1,50,0.3,11840.0,299.98062109947205,success
50-5-8-a0.1-i1.json,0.5,0.1,80,0.4,11840.0,299.1520621776581,success
50-5-8-a0.1-i1.json,0.5,0.2,30,0.3,11840.0,299.8381221294403,success
50-5-8-a0.1-i1.json,0.5,0.2,50,0.4,11840.0,299.30109190940857,success
50-5-8-a0.1-i1.json,0.5,0.2,80,0.2,11840.0,299.12657141685486,success
50-5-8-a0.1-i1.json,0.7,0.05,30,0.3,11840.0,299.20854020118713,success
50-5-8-a0.1-i1.json,0.7,0.05,50,0.4,11840.0,299.75682163238525,success
50-5-8-a0.1-i1.json,0.7,0.05,80,0.2,11840.0,299.2432014942169,success
50-5-8-a0.1-i1.json,0.7,0.1,30,0.4,11840.0,299.37733697891235,success
50-5-8-a0.1-i1.json,0.7,0.1,50,0.2,11840.0,299.3670382499695,success
50-5-8-a0.1-i1.json,0.7,0.1,80,0.3,11840.0,299.5395493507385,success
50-5-8-a0.1-i1.json,0.7,0.2,30,0.2,11840.0,299.2828440666199,success
50-5-8-a0.1-i1.json,0.7,0.2,50,0.3,11840.0,299.33002281188965,success
50-5-8-a0.1-i1.json,0.7,0.2,80,0.4,11840.0,299.88393354415894,success
70-3-6-a100-i1.json,0.3,0.05,30,0.2,17480.0,300.0706596374512,success
70-3-6-a100-i1.json,0.3,0.05,50,0.3,17480.0,299.5760281085968,success
70-3-6-a100-i1.json,0.3,0.05,80,0.4,17480.0,299.8924436569214,success
70-3-6-a100-i1.json,0.3,0.1,30,0.3,17480.0,299.52707028388977,success
70-3-6-a100-i1.json,0.3,0.1,50,0.4,17480.0,299.55145812034607,success
70-3-6-a100-i1.json,0.3,0.1,80,0.2,17480.0,299.5469672679901,success
70-3-6-a100-i1.json,0.3,0.2,30,0.4,17480.0,299.40398621559143,success
70-3-6-a100-i1.json,0.3,0.2,50,0.2,17480.0,299.73736906051636,success
70-3-6-a100-i1.json,0.3,0.2,80,0.3,17480.0,299.4733908176422,success
70-3-6-a100-i1.json,0.5,0.05,30,0.4,17480.0,299.75150847435,success
70-3-6-a100-i1.json,0.5,0.05,50,0.2,17480.0,299.62199211120605,success
70-3-6-a100-i1.json,0.5,0.05,80,0.3,17480.0,299.52970004081726,success
70-3-6-a100-i1.json,0.5,0.1,30,0.2,17480.0,299.7409448623657,success
70-3-6-a100-i1.json,0.5,0.1,50,0.3,17480.0,299.2228057384491,success
70-3-6-a100-i1.json,0.5,0.1,80,0.4,17480.0,299.2809989452362,success
70-3-6-a100-i1.json,0.5,0.2,30,0.3,17480.0,299.12621569633484,success
70-3-6-a100-i1.json,0.5,0.2,50,0.4,17480.0,299.74547243118286,success
70-3-6-a100-i1.json,0.5,0.2,80,0.2,17480.0,299.2155430316925,success
70-3-6-a100-i1.json,0.7,0.05,30,0.3,17480.0,299.03928303718567,success
70-3-6-a100-i1.json,0.7,0.05,50,0.4,17480.0,299.7458121776581,success
70-3-6-a100-i1.json,0.7,0.05,80,0.2,17480.0,299.2288987636566,success
70-3-6-a100-i1.json,0.7,0.1,30,0.4,17480.0,299.46952533721924,success
70-3-6-a100-i1.json,0.7,0.1,50,0.2,17480.0,299.1615626811981,success
70-3-6-a100-i1.json,0.7,0.1,80,0.3,17480.0,299.73666191101074,success
70-3-6-a100-i1.json,0.7,0.2,30,0.2,17480.0,299.3247101306915,success
70-3-6-a100-i1.json,0.7,0.2,50,0.3,17480.0,299.49328446388245,success
70-3-6-a100-i1.json,0.7,0.2,80,0.4,17480.0,299.79688143730164,success
70-3-7-a10-i2.json,0.3,0.05,30,0.2,17850.0,299.40255546569824,success
70-3-7-a10-i2.json,0.3,0.05,50,0.3,17850.0,299.7770836353302,success
70-3-7-a10-i2.json,0.3,0.05,80,0.4,17850.0,299.5284502506256,success
70-3-7-a10-i2.json,0.3,0.1,30,0.3,17850.0,300.0295832157135,success
70-3-7-a10-i2.json,0.3,0.1,50,0.4,17850.0,299.3938400745392,success
70-3-7-a10-i2.json,0.3,0.1,80,0.2,17850.0,299.8070294857025,success
70-3-7-a10-i2.json,0.3,0.2,30,0.4,17850.0,299.8432123661041,success
70-3-7-a10-i2.json,0.3,0.2,50,0.2,17850.0,299.73218631744385,success
70-3-7-a10-i2.json,0.3,0.2,80,0.3,17850.0,299.98042607307434,success
70-3-7-a10-i2.json,0.5,0.05,30,0.4,17850.0,299.6680598258972,success
70-3-7-a10-i2.json,0.5,0.05,50,0.2,17850.0,299.1020224094391,success
70-3-7-a10-i2.json,0.5,0.05,80,0.3,17850.0,299.585351228714,success
70-3-7-a10-i2.json,0.5,0.1,30,0.2,17850.0,300.0233619213104,success
70-3-7-a10-i2.json,0.5,0.1,50,0.3,17850.0,299.8268780708313,success
70-3-7-a10-i2.json,0.5,0.1,80,0.4,17850.0,299.5204155445099,success
70-3-7-a10-i2.json,0.5,0.2,30,0.3,17850.0,299.2753789424896,success
70-3-7-a10-i2.json,0.5,0.2,50,0.4,17850.0,299.2972092628479,success
70-3-7-a10-i2.json,0.5,0.2,80,0.2,17850.0,299.55523657798767,success
70-3-7-a10-i2.json,0.7,0.05,30,0.3,17850.0,299.57978105545044,success
70-3-7-a10-i2.json,0.7,0.05,50,0.4,17850.0,299.99582695961,success
70-3-7-a10-i2.json,0.7,0.05,80,0.2,17850.0,299.6456444263458,success
70-3-7-a10-i2.json,0.7,0.1,30,0.4,17850.0,299.2239203453064,success
70-3-7-a10-i2.json,0.7,0.1,50,0.2,17850.0,299.0870268344879,success
70-3-7-a10-i2.json,0.7,0.1,80,0.3,17850.0,299.44760179519653,success
70-3-7-a10-i2.json,0.7,0.2,30,0.2,17850.0,299.8183853626251,success
70-3-7-a10-i2.json,0.7,0.2,50,0.3,17850.0,299.5431685447693,success
70-3-7-a10-i2.json,0.7,0.2,80,0.4,17850.0,300.0130441188812,success
70-3-8-a10-i1.json,0.3,0.05,30,0.2,17480.0,299.39414715766907,success
70-3-8-a10-i1.json,0.3,0.05,50,0.3,17480.0,299.3639862537384,success
70-3-8-a10-i1.json,0.3,0.05,80,0.4,17480.0,299.26082015037537,success
70-3-8-a10-i1.json,0.3,0.1,30,0.3,17480.0,299.59898018836975,success
70-3-8-a10-i1.json,0.3,0.1,50,0.4,17480.0,299.3971264362335,success
70-3-8-a10-i1.json,0.3,0.1,80,0.2,17480.0,299.12226486206055,success
70-3-8-a10-i1.json,0.3,0.2,30,0.4,17480.0,299.4699020385742,success
70-3-8-a10-i1.json,0.3,0.2,50,0.2,17480.0,299.2009229660034,success
70-3-8-a10-i1.json,0.3,0.2,80,0.3,17480.0,299.61498975753784,success
70-3-8-a10-i1.json,0.5,0.05,30,0.4,17480.0,299.241352558136,success
70-3-8-a10-i1.json,0.5,0.05,50,0.2,17480.0,299.04493594169617,success
70-3-8-a10-i1.json,0.5,0.05,80,0.3,17480.0,299.23244071006775,success
70-3-8-a10-i1.json,0.5,0.1,30,0.2,17480.0,299.37585377693176,success
70-3-8-a10-i1.json,0.5,0.1,50,0.3,17480.0,299.6002631187439,success
70-3-8-a10-i1.json,0.5,0.1,80,0.4,17480.0,299.9340934753418,success
70-3-8-a10-i1.json,0.5,0.2,30,0.3,17480.0,299.21364188194275,success
70-3-8-a10-i1.json,0.5,0.2,50,0.4,17480.0,299.2124135494232,success
70-3-8-a10-i1.json,0.5,0.2,80,0.2,17480.0,299.0752284526825,success
70-3-8-a10-i1.json,0.7,0.05,30,0.3,17480.0,299.327849149704,success
70-3-8-a10-i1.json,0.7,0.05,50,0.4,17480.0,299.32345032691956,success
70-3-8-a10-i1.json,0.7,0.05,80,0.2,17480.0,299.8638370037079,success
70-3-8-a10-i1.json,0.7,0.1,30,0.4,17480.0,300.01108384132385,success
70-3-8-a10-i1.json,0.7,0.1,50,0.2,17480.0,299.7038221359253,success
70-3-8-a10-i1.json,0.7,0.1,80,0.3,17480.0,299.4067189693451,success
70-3-8-a10-i1.json,0.7,0.2,30,0.2,17480.0,299.5733423233032,success
70-3-8-a10-i1.json,0.7,0.2,50,0.3,17480.0,299.4206168651581,success
70-3-8-a10-i1.json,0.7,0.2,80,0.4,17480.0,299.3799481391907,success
70-4-6-a100-i3.json,0.3,0.05,30,0.2,18380.0,299.5654468536377,success
70-4-6-a100-i3.json,0.3,0.05,50,0.3,18380.0,299.59450006484985,success
70-4-6-a100-i3.json,0.3,0.05,80,0.4,18380.0,299.3535876274109,success
70-4-6-a100-i3.json,0.3,0.1,30,0.3,18380.0,299.764267206192,success
70-4-6-a100-i3.json,0.3,0.1,50,0.4,18380.0,299.346284866333,success
70-4-6-a100-i3.json,0.3,0.1,80,0.2,18380.0,299.18168115615845,success
70-4-6-a100-i3.json,0.3,0.2,30,0.4,18380.0,299.6030123233795,success
70-4-6-a100-i3.json,0.3,0.2,50,0.2,18380.0,299.5128631591797,success
70-4-6-a100-i3.json,0.3,0.2,80,0.3,18380.0,299.75548124313354,success
70-4-6-a100-i3.json,0.5,0.05,30,0.4,18380.0,299.45667934417725,success
70-4-6-a100-i3.json,0.5,0.05,50,0.2,18380.0,299.4435942173004,success
70-4-6-a100-i3.json,0.5,0.05,80,0.3,18380.0,299.3859748840332,success
70-4-6-a100-i3.json,0.5,0.1,30,0.2,18380.0,299.5254752635956,success
70-4-6-a100-i3.json,0.5,0.1,50,0.3,18380.0,299.6517629623413,success
70-4-6-a100-i3.json,0.5,0.1,80,0.4,18380.0,299.0128984451294,success
70-4-6-a100-i3.json,0.5,0.2,30,0.3,18380.0,299.29515838623047,success
70-4-6-a100-i3.json,0.5,0.2,50,0.4,18380.0,299.9486930370331,success
70-4-6-a100-i3.json,0.5,0.2,80,0.2,18380.0,299.22174406051636,success
70-4-6-a100-i3.json,0.7,0.05,30,0.3,18380.0,299.1534459590912,success
70-4-6-a100-i3.json,0.7,0.05,50,0.4,18380.0,299.15243673324585,success
70-4-6-a100-i3.json,0.7,0.05,80,0.2,18380.0,299.8989667892456,success
70-4-6-a100-i3.json,0.7,0.1,30,0.4,18380.0,299.31251335144043,success
70-4-6-a100-i3.json,0.7,0.1,50,0.2,18380.0,299.14946460723877,success
70-4-6-a100-i3.json,0.7,0.1,80,0.3,18380.0,299.151606798172,success
70-4-6-a100-i3.json,0.7,0.2,30,0.2,18380.0,300.0167329311371,success
70-4-6-a100-i3.json,0.7,0.2,50,0.3,18380.0,299.41420459747314,success
70-4-6-a100-i3.json,0.7,0.2,80,0.4,18380.0,299.0113775730133,success
70-4-7-a0.1-i2.json,0.3,0.05,30,0.2,18260.0,299.54400658607483,success
70-4-7-a0.1-i2.json,0.3,0.05,50,0.3,18260.0,299.38668036460876,success
70-4-7-a0.1-i2.json,0.3,0.05,80,0.4,18260.0,299.88875555992126,success
70-4-7-a0.1-i2.json,0.3,0.1,30,0.3,18260.0,299.2482407093048,success
70-4-7-a0.1-i2.json,0.3,0.1,50,0.4,18260.0,299.87753105163574,success
70-4-7-a0.1-i2.json,0.3,0.1,80,0.2,18260.0,299.80268716812134,success
70-4-7-a0.1-i2.json,0.3,0.2,30,0.4,18260.0,299.57168769836426,success
70-4-7-a0.1-i2.json,0.3,0.2,50,0.2,18260.0,299.8694305419922,success
70-4-7-a0.1-i2.json,0.3,0.2,80,0.3,18260.0,299.0967094898224,success
70-4-7-a0.1-i2.json,0.5,0.05,30,0.4,18260.0,299.9524579048157,success
70-4-7-a0.1-i2.json,0.5,0.05,50,0.2,18260.0,299.3033118247986,success
70-4-7-a0.1-i2.json,0.5,0.05,80,0.3,18260.0,299.45835757255554,success
70-4-7-a0.1-i2.json,0.5,0.1,30,0.2,18260.0,299.42420506477356,success
70-4-7-a0.1-i2.json,0.5,0.1,50,0.3,18260.0,299.84622955322266,success
70-4-7-a0.1-i2.json,0.5,0.1,80,0.4,18260.0,299.81462693214417,success
70-4-7-a0.1-i2.json,0.5,0.2,30,0.3,18260.0,300.00266432762146,success
70-4-7-a0.1-i2.json,0.5,0.2,50,0.4,18260.0,299.7666141986847,success
70-4-7-a0.1-i2.json,0.5,0.2,80,0.2,18260.0,299.6174716949463,success
70-4-7-a0.1-i2.json,0.7,0.05,30,0.3,18260.0,299.2938792705536,success
70-4-7-a0.1-i2.json,0.7,0.05,50,0.4,18260.0,299.7573838233948,success
70-4-7-a0.1-i2.json,0.7,0.05,80,0.2,18260.0,299.751540184021,success
70-4-7-a0.1-i2.json,0.7,0.1,30,0.4,18260.0,299.79443168640137,success
70-4-7-a0.1-i2.json,0.7,0.1,50,0.2,18260.0,299.6569516658783,success
70-4-7-a0.1-i2.json,0.7,0.1,80,0.3,18260.0,300.00479912757874,success
70-4-7-a0.1-i2.json,0.7,0.2,30,0.2,18260.0,299.31485629081726,success
70-4-7-a0.1-i2.json,0.7,0.2,50,0.3,18260.0,299.3360974788666,success
70-4-7-a0.1-i2.json,0.7,0.2,80,0.4,18260.0,299.162166595459,success
70-4-8-a0.1-i3.json,0.3,0.05,30,0.2,18380.0,299.36036682128906,success
70-4-8-a0.1-i3.json,0.3,0.05,50,0.3,18380.0,299.2074592113495,success
70-4-8-a0.1-i3.json,0.3,0.05,80,0.4,18380.0,299.9023582935333,success
70-4-8-a0.1-i3.json,0.3,0.1,30,0.3,18380.0,299.2788269519806,success
70-4-8-a0.1-i3.json,0.3,0.1,50,0.4,18380.0,299.5470702648163,success
70-4-8-a0.1-i3.json,0.3,0.1,80,0.2,18380.0,299.34598207473755,success
70-4-8-a0.1-i3.json,0.3,0.2,30,0.4,18380.0,299.8974771499634,success
70-4-8-a0.1-i3.json,0.3,0.2,50,0.2,18380.0,299.1272568702698,success
70-4-8-a0.1-i3.json,0.3,0.2,80,0.3,18380.0,299.28630089759827,success
70-4-8-a0.1-i3.json,0.5,0.05,30,0.4,18380.0,299.7331461906433,success
70-4-8-a0.1-i3.json,0.5,0.05,50,0.2,18380.0,299.670773267746,success
70-4-8-a0.1-i3.json,0.5,0.05,80,0.3,18380.0,299.30824875831604,success
70-4-8-a0.1-i3.json,0.5,0.1,30,0.2,18380.0,299.41961002349854,success
70-4-8-a0.1-i3.json,0.5,0.1,50,0.3,18380.0,299.2093982696533,success
70-4-8-a0.1-i3.json,0.5,0.1,80,0.4,18380.0,299.83919048309326,success
70-4-8-a0.1-i3.json,0.5,0.2,30,0.3,18380.0,299.46850061416626,success
70-4-8-a0.1-i3.json,0.5,0.2,50,0.4,18380.0,299.70629477500916,success
70-4-8-a0.1-i3.json,0.5,0.2,80,0.2,18380.0,300.0442945957184,success
70-4-8-a0.1-i3.json,0.7,0.05,30,0.3,18380.0,300.02319073677063,success
70-4-8-a0.1-i3.json,0.7,0.05,50,0.4,18380.0,299.4075412750244,success
70-4-8-a0.1-i3.json,0.7,0.05,80,0.2,18380.0,299.69820976257324,success
70-4-8-a0.1-i3.json,0.7,0.1,30,0.4,18380.0,299.5565414428711,success
70-4-8-a0.1-i3.json,0.7,0.1,50,0.2,18380.0,300.0856306552887,success
70-4-8-a0.1-i3.json,0.7,0.1,80,0.3,18380.0,299.8447313308716,success
70-4-8-a0.1-i3.json,0.7,0.2,30,0.2,18380.0,299.35766792297363,success
70-4-8-a0.1-i3.json,0.7,0.2,50,0.3,18380.0,299.22908568382263,success
70-4-8-a0.1-i3.json,0.7,0.2,80,0.4,18380.0,299.50931906700134,success
70-5-6-a10-i3.json,0.3,0.05,30,0.2,18060.0,299.1430187225342,success
70-5-6-a10-i3.json,0.3,0.05,50,0.3,18060.0,300.0048463344574,success
70-5-6-a10-i3.json,0.3,0.05,80,0.4,18060.0,299.092458486557,success
70-5-6-a10-i3.json,0.3,0.1,30,0.3,18060.0,299.58373165130615,success
70-5-6-a10-i3.json,0.3,0.1,50,0.4,18060.0,299.15524435043335,success
70-5-6-a10-i3.json,0.3,0.1,80,0.2,18060.0,299.17952704429626,success
70-5-6-a10-i3.json,0.3,0.2,30,0.4,18060.0,299.775630235672,success
70-5-6-a10-i3.json,0.3,0.2,50,0.2,18060.0,299.18172097206116,success
70-5-6-a10-i3.json,0.3,0.2,80,0.3,18060.0,300.00284910202026,success
70-5-6-a10-i3.json,0.5,0.05,30,0.4,18060.0,299.2762231826782,success
70-5-6-a10-i3.json,0.5,0.05,50,0.2,18060.0,299.1360547542572,success
70-5-6-a10-i3.json,0.5,0.05,80,0.3,18060.0,299.2978940010071,success
70-5-6-a10-i3.json,0.5,0.1,30,0.2,18060.0,299.78061962127686,success
70-5-6-a10-i3.json,0.5,0.1,50,0.3,18060.0,299.08758568763733,success
70-5-6-a10-i3.json,0.5,0.1,80,0.4,18060.0,299.09987115859985,success
70-5-6-a10-i3.json,0.5,0.2,30,0.3,18060.0,299.52533411979675,success
70-5-6-a10-i3.json,0.5,0.2,50,0.4,18060.0,299.0971221923828,success
70-5-6-a10-i3.json,0.5,0.2,80,0.2,18060.0,299.47699332237244,success
70-5-6-a10-i3.json,0.7,0.05,30,0.3,18060.0,299.7023458480835,success
70-5-6-a10-i3.json,0.7,0.05,50,0.4,18060.0,299.45061779022217,success
70-5-6-a10-i3.json,0.7,0.05,80,0.2,18060.0,299.0491225719452,success
70-5-6-a10-i3.json,0.7,0.1,30,0.4,18060.0,299.94591212272644,success
70-5-6-a10-i3.json,0.7,0.1,50,0.2,18060.0,299.00476932525635,success
70-5-6-a10-i3.json,0.7,0.1,80,0.3,18060.0,299.407564163208,success
70-5-6-a10-i3.json,0.7,0.2,30,0.2,18060.0,299.90116572380066,success
70-5-6-a10-i3.json,0.7,0.2,50,0.3,18060.0,299.49334168434143,success
70-5-6-a10-i3.json,0.7,0.2,80,0.4,18060.0,299.1549782752991,success
70-5-7-a10-i3.json,0.3,0.05,30,0.2,18060.0,299.4460279941559,success
70-5-7-a10-i3.json,0.3,0.05,50,0.3,18060.0,299.4862308502197,success
70-5-7-a10-i3.json,0.3,0.05,80,0.4,18060.0,299.7102937698364,success
70-5-7-a10-i3.json,0.3,0.1,30,0.3,18060.0,299.69793486595154,success
70-5-7-a10-i3.json,0.3,0.1,50,0.4,18060.0,299.322065114975,success
70-5-7-a10-i3.json,0.3,0.1,80,0.2,18060.0,299.32597064971924,success
70-5-7-a10-i3.json,0.3,0.2,30,0.4,18060.0,299.90254044532776,success
70-5-7-a10-i3.json,0.3,0.2,50,0.2,18060.0,299.13691234588623,success
70-5-7-a10-i3.json,0.3,0.2,80,0.3,18060.0,299.4761278629303,success
70-5-7-a10-i3.json,0.5,0.05,30,0.4,18060.0,299.1125326156616,success
70-5-7-a10-i3.json,0.5,0.05,50,0.2,18060.0,299.0293552875519,success
70-5-7-a10-i3.json,0.5,0.05,80,0.3,18060.0,299.86526346206665,success
70-5-7-a10-i3.json,0.5,0.1,30,0.2,18060.0,300.01837038993835,success
70-5-7-a10-i3.json,0.5,0.1,50,0.3,18060.0,299.25375390052795,success
70-5-7-a10-i3.json,0.5,0.1,80,0.4,18060.0,299.42241859436035,success
70-5-7-a10-i3.json,0.5,0.2,30,0.3,18060.0,299.06750440597534,success
70-5-7-a10-i3.json,0.5,0.2,50,0.4,18060.0,299.71977710723877,success
70-5-7-a10-i3.json,0.5,0.2,80,0.2,18060.0,299.7254271507263,success
70-5-7-a10-i3.json,0.7,0.05,30,0.3,18060.0,300.0497102737427,success
70-5-7-a10-i3.json,0.7,0.05,50,0.4,18060.0,299.7001152038574,success
70-5-7-a10-i3.json,0.7,0.05,80,0.2,18060.0,299.5222313404083,success
70-5-7-a10-i3.json,0.7,0.1,30,0.4,18060.0,299.6738238334656,success
70-5-7-a10-i3.json,0.7,0.1,50,0.2,18060.0,299.184618473053,success
70-5-7-a10-i3.json,0.7,0.1,80,0.3,18060.0,299.21940636634827,success
70-5-7-a10-i3.json,0.7,0.2,30,0.2,18060.0,299.188800573349,success
70-5-7-a10-i3.json,0.7,0.2,50,0.3,18060.0,299.84940552711487,success
70-5-7-a10-i3.json,0.7,0.2,80,0.4,18060.0,299.2982339859009,success
70-5-8-a1-i3.json,0.3,0.05,30,0.2,18060.0,299.93425822257996,success
70-5-8-a1-i3.json,0.3,0.05,50,0.3,18060.0,299.32381772994995,success
70-5-8-a1-i3.json,0.3,0.05,80,0.4,18060.0,299.97791290283203,success
70-5-8-a1-i3.json,0.3,0.1,30,0.3,18060.0,299.326358795166,success
70-5-8-a1-i3.json,0.3,0.1,50,0.4,18060.0,299.77228140830994,success
70-5-8-a1-i3.json,0.3,0.1,80,0.2,18060.0,299.1785740852356,success
70-5-8-a1-i3.json,0.3,0.2,30,0.4,18060.0,299.6348032951355,success
70-5-8-a1-i3.json,0.3,0.2,50,0.2,18060.0,299.56620955467224,success
70-5-8-a1-i3.json,0.3,0.2,80,0.3,18060.0,299.42540884017944,success
70-5-8-a1-i3.json,0.5,0.05,30,0.4,18060.0,300.06646251678467,success
70-5-8-a1-i3.json,0.5,0.05,50,0.2,18060.0,299.1569752693176,success
70-5-8-a1-i3.json,0.5,0.05,80,0.3,18060.0,299.07247948646545,success
70-5-8-a1-i3.json,0.5,0.1,30,0.2,18060.0,299.9280502796173,success
70-5-8-a1-i3.json,0.5,0.1,50,0.3,18060.0,299.56391525268555,success
70-5-8-a1-i3.json,0.5,0.1,80,0.4,18060.0,299.7329947948456,success
70-5-8-a1-i3.json,0.5,0.2,30,0.3,18060.0,299.66335892677307,success
70-5-8-a1-i3.json,0.5,0.2,50,0.4,18060.0,299.8565037250519,success
70-5-8-a1-i3.json,0.5,0.2,80,0.2,18060.0,299.2350537776947,success
70-5-8-a1-i3.json,0.7,0.05,30,0.3,18060.0,299.93198227882385,success
70-5-8-a1-i3.json,0.7,0.05,50,0.4,18060.0,299.24135971069336,success
70-5-8-a1-i3.json,0.7,0.05,80,0.2,18060.0,299.8611812591553,success
70-5-8-a1-i3.json,0.7,0.1,30,0.4,18060.0,299.52823972702026,success
70-5-8-a1-i3.json,0.7,0.1,50,0.2,18060.0,299.87062430381775,success
70-5-8-a1-i3.json,0.7,0.1,80,0.3,18060.0,299.4100649356842,success
70-5-8-a1-i3.json,0.7,0.2,30,0.2,18060.0,299.6057641506195,success
70-5-8-a1-i3.json,0.7,0.2,50,0.3,18060.0,299.5135157108307,success
70-5-8-a1-i3.json,0.7,0.2,80,0.4,18060.0,299.70976281166077,success
