instance,c1,c2,W,N_pop,objective,time,status
30-3-6-a0.1-i1.json,0.5,0.5,0.5,30,7960.0,299.593138217926,success
30-3-6-a0.1-i1.json,0.5,0.5,0.75,50,7960.0,299.59042596817017,success
30-3-6-a0.1-i1.json,0.5,0.5,1.0,80,7960.0,299.38405299186707,success
30-3-6-a0.1-i1.json,0.5,1.0,0.5,50,7960.0,299.8287515640259,success
30-3-6-a0.1-i1.json,0.5,1.0,0.75,80,7960.0,299.46411085128784,success
30-3-6-a0.1-i1.json,0.5,1.0,1.0,30,7413.0,300.0001609325409,success
30-3-6-a0.1-i1.json,0.5,2.0,0.5,80,7960.0,299.1024706363678,success
30-3-6-a0.1-i1.json,0.5,2.0,0.75,30,7413.0,300.00029706954956,success
30-3-6-a0.1-i1.json,0.5,2.0,1.0,50,7960.0,299.38588190078735,success
30-3-6-a0.1-i1.json,1.0,0.5,0.5,80,7960.0,299.0551962852478,success
30-3-6-a0.1-i1.json,1.0,0.5,0.75,30,7465.0,299.0122377872467,success
30-3-6-a0.1-i1.json,1.0,0.5,1.0,50,7960.0,299.62082743644714,success
30-3-6-a0.1-i1.json,1.0,1.0,0.5,30,7600.0,300.00025844573975,success
30-3-6-a0.1-i1.json,1.0,1.0,0.75,50,7960.0,299.60837960243225,success
30-3-6-a0.1-i1.json,1.0,1.0,1.0,80,7960.0,299.91654086112976,success
30-3-6-a0.1-i1.json,1.0,2.0,0.5,50,7960.0,299.8670074939728,success
30-3-6-a0.1-i1.json,1.0,2.0,0.75,80,7960.0,299.73037338256836,success
30-3-6-a0.1-i1.json,1.0,2.0,1.0,30,7413.0,300.00032782554626,success
30-3-6-a0.1-i1.json,2.0,0.5,0.5,50,7960.0,299.44657158851624,success
30-3-6-a0.1-i1.json,2.0,0.5,0.75,80,7960.0,299.42797923088074,success
30-3-6-a0.1-i1.json,2.0,0.5,1.0,30,7362.0,299.0000660419464,success
30-3-6-a0.1-i1.json,2.0,1.0,0.5,80,7960.0,299.2861297130585,success
30-3-6-a0.1-i1.json,2.0,1.0,0.75,30,7064.0,300.00086188316345,success
30-3-6-a0.1-i1.json,2.0,1.0,1.0,50,7960.0,299.49833250045776,success
30-3-6-a0.1-i1.json,2.0,2.0,0.5,30,7248.0,300.00097608566284,success
30-3-6-a0.1-i1.json,2.0,2.0,0.75,50,7960.0,299.75620770454407,success
30-3-6-a0.1-i1.json,2.0,2.0,1.0,80,7960.0,299.07641315460205,success
30-3-7-a10-i1.json,0.5,0.5,0.5,30,6880.0,300.00069999694824,success
30-3-7-a10-i1.json,0.5,0.5,0.75,50,7635.0,299.439435005188,success
30-3-7-a10-i1.json,0.5,0.5,1.0,80,7960.0,300.042072057724,success
30-3-7-a10-i1.json,0.5,1.0,0.5,50,7105.0,300.00076508522034,success
30-3-7-a10-i1.json,0.5,1.0,0.75,80,7147.0,300.00008845329285,success
30-3-7-a10-i1.json,0.5,1.0,1.0,30,6740.0,300.0006926059723,success
30-3-7-a10-i1.json,0.5,2.0,0.5,80,6754.0,300.0000479221344,success
30-3-7-a10-i1.json,0.5,2.0,0.75,30,7250.0,300.00075030326843,success
30-3-7-a10-i1.json,0.5,2.0,1.0,50,7307.0,300.00012254714966,success
30-3-7-a10-i1.json,1.0,0.5,0.5,80,7960.0,299.14093828201294,success
30-3-7-a10-i1.json,1.0,0.5,0.75,30,7003.0,299.1175856590271,success
30-3-7-a10-i1.json,1.0,0.5,1.0,50,7071.0,299.0129506587982,success
30-3-7-a10-i1.json,1.0,1.0,0.5,30,6567.0,300.0005359649658,success
30-3-7-a10-i1.json,1.0,1.0,0.75,50,6552.0,300.0005667209625,success
30-3-7-a10-i1.json,1.0,1.0,1.0,80,6833.0,299.0012860298157,success
30-3-7-a10-i1.json,1.0,2.0,0.5,50,7264.0,300.0006322860718,success
30-3-7-a10-i1.json,1.0,2.0,0.75,80,6707.0,299.29011845588684,success
30-3-7-a10-i1.json,1.0,2.0,1.0,30,6965.0,300.0002107620239,success
30-3-7-a10-i1.json,2.0,0.5,0.5,50,7960.0,299.4377326965332,success
30-3-7-a10-i1.json,2.0,0.5,0.75,80,7960.0,299.2954053878784,success
30-3-7-a10-i1.json,2.0,0.5,1.0,30,6483.0,299.01419973373413,success
30-3-7-a10-i1.json,2.0,1.0,0.5,80,7214.0,299.0093512535095,success
30-3-7-a10-i1.json,2.0,1.0,0.75,30,6166.0,299.0108902454376,success
30-3-7-a10-i1.json,2.0,1.0,1.0,50,6496.0,299.00993371009827,success
30-3-7-a10-i1.json,2.0,2.0,0.5,30,6926.0,300.0003683567047,success
30-3-7-a10-i1.json,2.0,2.0,0.75,50,6706.0,299.00401973724365,success
30-3-7-a10-i1.json,2.0,2.0,1.0,80,6749.0,299.0289671421051,success
30-3-8-a1-i1.json,0.5,0.5,0.5,30,7960.0,299.5742642879486,success
30-3-8-a1-i1.json,0.5,0.5,0.75,50,7960.0,299.1870939731598,success
30-3-8-a1-i1.json,0.5,0.5,1.0,80,7960.0,299.1902565956116,success
30-3-8-a1-i1.json,0.5,1.0,0.5,50,7960.0,299.07548928260803,success
30-3-8-a1-i1.json,0.5,1.0,0.75,80,7960.0,299.74777460098267,success
30-3-8-a1-i1.json,0.5,1.0,1.0,30,7665.0,300.0008509159088,success
30-3-8-a1-i1.json,0.5,2.0,0.5,80,7960.0,299.72456550598145,success
30-3-8-a1-i1.json,0.5,2.0,0.75,30,7493.0,300.0001571178436,success
30-3-8-a1-i1.json,0.5,2.0,1.0,50,7960.0,299.1230275630951,success
30-3-8-a1-i1.json,1.0,0.5,0.5,80,7960.0,299.08107686042786,success
30-3-8-a1-i1.json,1.0,0.5,0.75,30,7960.0,299.17601108551025,success
30-3-8-a1-i1.json,1.0,0.5,1.0,50,7960.0,299.19775891304016,success
30-3-8-a1-i1.json,1.0,1.0,0.5,30,7960.0,299.43633913993835,success
30-3-8-a1-i1.json,1.0,1.0,0.75,50,7960.0,299.8645260334015,success
30-3-8-a1-i1.json,1.0,1.0,1.0,80,7960.0,299.26309967041016,success
30-3-8-a1-i1.json,1.0,2.0,0.5,50,7356.0,299.17460012435913,success
30-3-8-a1-i1.json,1.0,2.0,0.75,80,7960.0,299.3129689693451,success
30-3-8-a1-i1.json,1.0,2.0,1.0,30,7332.0,300.0009505748749,success
30-3-8-a1-i1.json,2.0,0.5,0.5,50,7960.0,299.1615560054779,success
30-3-8-a1-i1.json,2.0,0.5,0.75,80,7960.0,299.5585308074951,success
30-3-8-a1-i1.json,2.0,0.5,1.0,30,7960.0,299.6605839729309,success
30-3-8-a1-i1.json,2.0,1.0,0.5,80,7960.0,299.7885961532593,success
30-3-8-a1-i1.json,2.0,1.0,0.75,30,7960.0,299.28250193595886,success
30-3-8-a1-i1.json,2.0,1.0,1.0,50,7960.0,299.0058844089508,success
30-3-8-a1-i1.json,2.0,2.0,0.5,30,7188.0,299.5731213092804,success
30-3-8-a1-i1.json,2.0,2.0,0.75,50,7960.0,299.6327884197235,success
30-3-8-a1-i1.json,2.0,2.0,1.0,80,7960.0,299.7747232913971,success
30-4-6-a0.1-i3.json,0.5,0.5,0.5,30,6780.0,300.0007245540619,success
30-4-6-a0.1-i3.json,0.5,0.5,0.75,50,7660.0,299.61365270614624,success
30-4-6-a0.1-i3.json,0.5,0.5,1.0,80,7660.0,299.40644454956055,success
30-4-6-a0.1-i3.json,0.5,1.0,0.5,50,6986.0,300.0004756450653,success
30-4-6-a0.1-i3.json,0.5,1.0,0.75,80,7106.0,300.00057458877563,success
30-4-6-a0.1-i3.json,0.5,1.0,1.0,30,6983.0,300.0007164478302,success
30-4-6-a0.1-i3.json,0.5,2.0,0.5,80,7049.0,300.00026535987854,success
30-4-6-a0.1-i3.json,0.5,2.0,0.75,30,7119.0,300.00063371658325,success
30-4-6-a0.1-i3.json,0.5,2.0,1.0,50,6993.0,300.0005805492401,success
30-4-6-a0.1-i3.json,1.0,0.5,0.5,80,7660.0,299.21589517593384,success
30-4-6-a0.1-i3.json,1.0,0.5,0.75,30,6994.0,300.0004243850708,success
30-4-6-a0.1-i3.json,1.0,0.5,1.0,50,6826.0,299.32780385017395,success
30-4-6-a0.1-i3.json,1.0,1.0,0.5,30,6862.0,300.0007140636444,success
30-4-6-a0.1-i3.json,1.0,1.0,0.75,50,6862.0,300.00097584724426,success
30-4-6-a0.1-i3.json,1.0,1.0,1.0,80,7660.0,299.85188484191895,success
30-4-6-a0.1-i3.json,1.0,2.0,0.5,50,6626.0,300.00056648254395,success
30-4-6-a0.1-i3.json,1.0,2.0,0.75,80,6811.0,300.0007665157318,success
30-4-6-a0.1-i3.json,1.0,2.0,1.0,30,7050.0,300.0008075237274,success
30-4-6-a0.1-i3.json,2.0,0.5,0.5,50,7660.0,299.46297121047974,success
30-4-6-a0.1-i3.json,2.0,0.5,0.75,80,7660.0,299.9448833465576,success
30-4-6-a0.1-i3.json,2.0,0.5,1.0,30,6163.0,299.0068111419678,success
30-4-6-a0.1-i3.json,2.0,1.0,0.5,80,6718.0,299.00101494789124,success
30-4-6-a0.1-i3.json,2.0,1.0,0.75,30,6340.0,300.00051259994507,success
30-4-6-a0.1-i3.json,2.0,1.0,1.0,50,6361.0,299.08332204818726,success
30-4-6-a0.1-i3.json,2.0,2.0,0.5,30,6774.0,300.00022411346436,success
30-4-6-a0.1-i3.json,2.0,2.0,0.75,50,6348.0,299.02296352386475,success
30-4-6-a0.1-i3.json,2.0,2.0,1.0,80,6715.0,300.00019216537476,success
30-4-7-a0.1-i3.json,0.5,0.5,0.5,30,7660.0,299.38481068611145,success
30-4-7-a0.1-i3.json,0.5,0.5,0.75,50,7660.0,299.4072976112366,success
30-4-7-a0.1-i3.json,0.5,0.5,1.0,80,7660.0,299.1868984699249,success
30-4-7-a0.1-i3.json,0.5,1.0,0.5,50,7660.0,299.2852966785431,success
30-4-7-a0.1-i3.json,0.5,1.0,0.75,80,7660.0,299.250226020813,success
30-4-7-a0.1-i3.json,0.5,1.0,1.0,30,7116.0,300.00094652175903,success
30-4-7-a0.1-i3.json,0.5,2.0,0.5,80,6737.0,300.0008099079132,success
30-4-7-a0.1-i3.json,0.5,2.0,0.75,30,7152.0,300.0006847381592,success
30-4-7-a0.1-i3.json,0.5,2.0,1.0,50,7223.0,300.0001573562622,success
30-4-7-a0.1-i3.json,1.0,0.5,0.5,80,7660.0,299.02241230010986,success
30-4-7-a0.1-i3.json,1.0,0.5,0.75,30,7660.0,299.2538785934448,success
30-4-7-a0.1-i3.json,1.0,0.5,1.0,50,7660.0,299.1717004776001,success
30-4-7-a0.1-i3.json,1.0,1.0,0.5,30,7082.0,300.0003070831299,success
30-4-7-a0.1-i3.json,1.0,1.0,0.75,50,7660.0,299.46400260925293,success
30-4-7-a0.1-i3.json,1.0,1.0,1.0,80,7660.0,299.35441756248474,success
30-4-7-a0.1-i3.json,1.0,2.0,0.5,50,6873.0,300.00066208839417,success
30-4-7-a0.1-i3.json,1.0,2.0,0.75,80,6913.0,300.0000088214874,success
30-4-7-a0.1-i3.json,1.0,2.0,1.0,30,7267.0,300.00028800964355,success
30-4-7-a0.1-i3.json,2.0,0.5,0.5,50,7660.0,299.26321744918823,success
30-4-7-a0.1-i3.json,2.0,0.5,0.75,80,7660.0,299.24055647850037,success
30-4-7-a0.1-i3.json,2.0,0.5,1.0,30,6135.0,299.0105516910553,success
30-4-7-a0.1-i3.json,2.0,1.0,0.5,80,7660.0,299.7743573188782,success
30-4-7-a0.1-i3.json,2.0,1.0,0.75,30,6624.0,300.00071454048157,success
30-4-7-a0.1-i3.json,2.0,1.0,1.0,50,7660.0,299.0223708152771,success
30-4-7-a0.1-i3.json,2.0,2.0,0.5,30,6731.0,300.0008211135864,success
30-4-7-a0.1-i3.json,2.0,2.0,0.75,50,6605.0,300.0003545284271,success
30-4-7-a0.1-i3.json,2.0,2.0,1.0,80,6667.0,299.01814007759094,success
30-4-8-a100-i1.json,0.5,0.5,0.5,30,7930.0,299.4113838672638,success
30-4-8-a100-i1.json,0.5,0.5,0.75,50,7810.0,299.74724674224854,success
30-4-8-a100-i1.json,0.5,0.5,1.0,80,7830.0,299.9938380718231,success
30-4-8-a100-i1.json,0.5,1.0,0.5,50,7380.0,299.85126781463623,success
30-4-8-a100-i1.json,0.5,1.0,0.75,80,7930.0,299.762247800827,success
30-4-8-a100-i1.json,0.5,1.0,1.0,30,7199.0,300.00033235549927,success
30-4-8-a100-i1.json,0.5,2.0,0.5,80,6648.0,300.0002794265747,success
30-4-8-a100-i1.json,0.5,2.0,0.75,30,6969.0,300.0001904964447,success
30-4-8-a100-i1.json,0.5,2.0,1.0,50,6733.0,299.0245099067688,success
30-4-8-a100-i1.json,1.0,0.5,0.5,80,7874.0,299.3710877895355,success
30-4-8-a100-i1.json,1.0,0.5,0.75,30,7930.0,299.38496494293213,success
30-4-8-a100-i1.json,1.0,0.5,1.0,50,7296.0,299.067946434021,success
30-4-8-a100-i1.json,1.0,1.0,0.5,30,6832.0,300.0007026195526,success
30-4-8-a100-i1.json,1.0,1.0,0.75,50,7717.0,299.211612701416,success
30-4-8-a100-i1.json,1.0,1.0,1.0,80,7930.0,299.2393364906311,success
30-4-8-a100-i1.json,1.0,2.0,0.5,50,6756.0,300.0009627342224,success
30-4-8-a100-i1.json,1.0,2.0,0.75,80,6597.0,299.01897048950195,success
30-4-8-a100-i1.json,1.0,2.0,1.0,30,6524.0,299.02942538261414,success
30-4-8-a100-i1.json,2.0,0.5,0.5,50,7917.0,299.2121024131775,success
30-4-8-a100-i1.json,2.0,0.5,0.75,80,7856.0,299.0941073894501,success
30-4-8-a100-i1.json,2.0,0.5,1.0,30,7367.0,299.6524438858032,success
30-4-8-a100-i1.json,2.0,1.0,0.5,80,7569.0,299.2580623626709,success
30-4-8-a100-i1.json,2.0,1.0,0.75,30,6822.0,299.01999044418335,success
30-4-8-a100-i1.json,2.0,1.0,1.0,50,7422.0,299.21348786354065,success
30-4-8-a100-i1.json,2.0,2.0,0.5,30,6420.0,299.01802110671997,success
30-4-8-a100-i1.json,2.0,2.0,0.75,50,6408.0,299.0089521408081,success
30-4-8-a100-i1.json,2.0,2.0,1.0,80,6752.0,299.0068175792694,success
30-5-6-a0.1-i1.json,0.5,0.5,0.5,30,7786.0,300.00067043304443,success
30-5-6-a0.1-i1.json,0.5,0.5,0.75,50,7571.0,300.00080966949463,success
30-5-6-a0.1-i1.json,0.5,0.5,1.0,80,6995.0,299.0025691986084,success
30-5-6-a0.1-i1.json,0.5,1.0,0.5,50,7794.0,300.0000469684601,success
30-5-6-a0.1-i1.json,0.5,1.0,0.75,80,7524.0,300.0001029968262,success
30-5-6-a0.1-i1.json,0.5,1.0,1.0,30,7568.0,300.0009331703186,success
30-5-6-a0.1-i1.json,0.5,2.0,0.5,80,7595.0,300.0003328323364,success
30-5-6-a0.1-i1.json,0.5,2.0,0.75,30,7469.0,300.00063586235046,success
30-5-6-a0.1-i1.json,0.5,2.0,1.0,50,7579.0,300.00062251091003,success
30-5-6-a0.1-i1.json,1.0,0.5,0.5,80,8050.0,299.02860736846924,success
30-5-6-a0.1-i1.json,1.0,0.5,0.75,30,7329.0,300.0006015300751,success
30-5-6-a0.1-i1.json,1.0,0.5,1.0,50,6897.0,299.00560688972473,success
30-5-6-a0.1-i1.json,1.0,1.0,0.5,30,7667.0,300.00041484832764,success
30-5-6-a0.1-i1.json,1.0,1.0,0.75,50,7302.0,300.00060534477234,success
30-5-6-a0.1-i1.json,1.0,1.0,1.0,80,7379.0,300.0009903907776,success
30-5-6-a0.1-i1.json,1.0,2.0,0.5,50,7692.0,300.00063276290894,success
30-5-6-a0.1-i1.json,1.0,2.0,0.75,80,7489.0,300.001074552536,success
30-5-6-a0.1-i1.json,1.0,2.0,1.0,30,7568.0,300.0007848739624,success
30-5-6-a0.1-i1.json,2.0,0.5,0.5,50,7631.0,299.0935080051422,success
30-5-6-a0.1-i1.json,2.0,0.5,0.75,80,7752.0,299.4993486404419,success
30-5-6-a0.1-i1.json,2.0,0.5,1.0,30,6922.0,299.0156350135803,success
30-5-6-a0.1-i1.json,2.0,1.0,0.5,80,7324.0,300.0002648830414,success
30-5-6-a0.1-i1.json,2.0,1.0,0.75,30,7210.0,299.7520799636841,success
30-5-6-a0.1-i1.json,2.0,1.0,1.0,50,7157.0,299.0350639820099,success
30-5-6-a0.1-i1.json,2.0,2.0,0.5,30,7485.0,300.00034070014954,success
30-5-6-a0.1-i1.json,2.0,2.0,0.75,50,7137.0,300.0005073547363,success
30-5-6-a0.1-i1.json,2.0,2.0,1.0,80,7188.0,300.0012049674988,success
30-5-7-a1-i1.json,0.5,0.5,0.5,30,7587.0,300.00027775764465,success
30-5-7-a1-i1.json,0.5,0.5,0.75,50,8050.0,299.68305373191833,success
30-5-7-a1-i1.json,0.5,0.5,1.0,80,8050.0,299.31422662734985,success
30-5-7-a1-i1.json,0.5,1.0,0.5,50,7624.0,300.00032138824463,success
30-5-7-a1-i1.json,0.5,1.0,0.75,80,7617.0,299.01453924179077,success
30-5-7-a1-i1.json,0.5,1.0,1.0,30,7488.0,300.00044107437134,success
30-5-7-a1-i1.json,0.5,2.0,0.5,80,7728.0,300.0006101131439,success
30-5-7-a1-i1.json,0.5,2.0,0.75,30,7555.0,300.00078105926514,success
30-5-7-a1-i1.json,0.5,2.0,1.0,50,7625.0,300.00084590911865,success
30-5-7-a1-i1.json,1.0,0.5,0.5,80,8050.0,299.86989092826843,success
30-5-7-a1-i1.json,1.0,0.5,0.75,30,7109.0,299.16938042640686,success
30-5-7-a1-i1.json,1.0,0.5,1.0,50,6797.0,299.02039551734924,success
30-5-7-a1-i1.json,1.0,1.0,0.5,30,7445.0,300.0007085800171,success
30-5-7-a1-i1.json,1.0,1.0,0.75,50,7698.0,300.00044465065,success
30-5-7-a1-i1.json,1.0,1.0,1.0,80,6883.0,299.01746940612793,success
30-5-7-a1-i1.json,1.0,2.0,0.5,50,7449.0,300.00056076049805,success
30-5-7-a1-i1.json,1.0,2.0,0.75,80,7297.0,300.00000286102295,success
30-5-7-a1-i1.json,1.0,2.0,1.0,30,7453.0,300.0003626346588,success
30-5-7-a1-i1.json,2.0,0.5,0.5,50,8050.0,299.8412172794342,success
30-5-7-a1-i1.json,2.0,0.5,0.75,80,8050.0,299.4105179309845,success
30-5-7-a1-i1.json,2.0,0.5,1.0,30,6755.0,299.02417039871216,success
30-5-7-a1-i1.json,2.0,1.0,0.5,80,8050.0,299.1772038936615,success
30-5-7-a1-i1.json,2.0,1.0,0.75,30,6836.0,300.0005872249603,success
30-5-7-a1-i1.json,2.0,1.0,1.0,50,7036.0,299.0020010471344,success
30-5-7-a1-i1.json,2.0,2.0,0.5,30,7281.0,300.00095987319946,success
30-5-7-a1-i1.json,2.0,2.0,0.75,50,7625.0,300.0005192756653,success
30-5-7-a1-i1.json,2.0,2.0,1.0,80,6796.0,300.0000698566437,success
30-5-8-a0.1-i3.json,0.5,0.5,0.5,30,7490.0,299.84683203697205,success
30-5-8-a0.1-i3.json,0.5,0.5,0.75,50,7490.0,299.1024212837219,success
30-5-8-a0.1-i3.json,0.5,0.5,1.0,80,7490.0,299.7456605434418,success
30-5-8-a0.1-i3.json,0.5,1.0,0.5,50,7052.0,300.0007667541504,success
30-5-8-a0.1-i3.json,0.5,1.0,0.75,80,7490.0,299.80778765678406,success
30-5-8-a0.1-i3.json,0.5,1.0,1.0,30,6150.0,300.00024151802063,success
30-5-8-a0.1-i3.json,0.5,2.0,0.5,80,6942.0,300.00080943107605,success
30-5-8-a0.1-i3.json,0.5,2.0,0.75,30,6917.0,300.0006115436554,success
30-5-8-a0.1-i3.json,0.5,2.0,1.0,50,6769.0,300.00055956840515,success
30-5-8-a0.1-i3.json,1.0,0.5,0.5,80,7490.0,299.1506288051605,success
30-5-8-a0.1-i3.json,1.0,0.5,0.75,30,7490.0,299.26960611343384,success
30-5-8-a0.1-i3.json,1.0,0.5,1.0,50,7490.0,299.45636916160583,success
30-5-8-a0.1-i3.json,1.0,1.0,0.5,30,6999.0,300.00060272216797,success
30-5-8-a0.1-i3.json,1.0,1.0,0.75,50,6904.0,300.0002796649933,success
30-5-8-a0.1-i3.json,1.0,1.0,1.0,80,7490.0,299.1335048675537,success
30-5-8-a0.1-i3.json,1.0,2.0,0.5,50,6893.0,300.0006673336029,success
30-5-8-a0.1-i3.json,1.0,2.0,0.75,80,6896.0,300.00098180770874,success
30-5-8-a0.1-i3.json,1.0,2.0,1.0,30,6608.0,300.00079345703125,success
30-5-8-a0.1-i3.json,2.0,0.5,0.5,50,7490.0,299.9904456138611,success
30-5-8-a0.1-i3.json,2.0,0.5,0.75,80,7490.0,299.50340509414673,success
30-5-8-a0.1-i3.json,2.0,0.5,1.0,30,6312.0,299.0078959465027,success
30-5-8-a0.1-i3.json,2.0,1.0,0.5,80,7490.0,299.96610021591187,success
30-5-8-a0.1-i3.json,2.0,1.0,0.75,30,6242.0,299.02905106544495,success
30-5-8-a0.1-i3.json,2.0,1.0,1.0,50,6481.0,299.7750418186188,success
30-5-8-a0.1-i3.json,2.0,2.0,0.5,30,5831.0,299.0236532688141,success
30-5-8-a0.1-i3.json,2.0,2.0,0.75,50,6498.0,300.0001826286316,success
30-5-8-a0.1-i3.json,2.0,2.0,1.0,80,6011.0,299.00440859794617,success
50-3-6-a1-i3.json,0.5,0.5,0.5,30,13460.0,299.3781170845032,success
50-3-6-a1-i3.json,0.5,0.5,0.75,50,13460.0,299.0478661060333,success
50-3-6-a1-i3.json,0.5,0.5,1.0,80,13460.0,299.2861886024475,success
50-3-6-a1-i3.json,0.5,1.0,0.5,50,13460.0,299.11201333999634,success
50-3-6-a1-i3.json,0.5,1.0,0.75,80,13460.0,299.0281252861023,success
50-3-6-a1-i3.json,0.5,1.0,1.0,30,12795.0,300.00090622901917,success
50-3-6-a1-i3.json,0.5,2.0,0.5,80,13460.0,299.51971435546875,success
50-3-6-a1-i3.json,0.5,2.0,0.75,30,12942.0,300.00055623054504,success
50-3-6-a1-i3.json,0.5,2.0,1.0,50,12637.0,300.00079131126404,success
50-3-6-a1-i3.json,1.0,0.5,0.5,80,13460.0,299.4790585041046,success
50-3-6-a1-i3.json,1.0,0.5,0.75,30,13460.0,299.57506561279297,success
50-3-6-a1-i3.json,1.0,0.5,1.0,50,13460.0,299.92198610305786,success
50-3-6-a1-i3.json,1.0,1.0,0.5,30,12902.0,300.000776052475,success
50-3-6-a1-i3.json,1.0,1.0,0.75,50,13460.0,299.0353763103485,success
50-3-6-a1-i3.json,1.0,1.0,1.0,80,13460.0,299.1572256088257,success
50-3-6-a1-i3.json,1.0,2.0,0.5,50,13460.0,299.01667833328247,success
50-3-6-a1-i3.json,1.0,2.0,0.75,80,13460.0,299.3228073120117,success
50-3-6-a1-i3.json,1.0,2.0,1.0,30,12942.0,300.00091791152954,success
50-3-6-a1-i3.json,2.0,0.5,0.5,50,13460.0,299.0245695114136,success
50-3-6-a1-i3.json,2.0,0.5,0.75,80,13460.0,300.038134098053,success
50-3-6-a1-i3.json,2.0,0.5,1.0,30,13460.0,299.41896891593933,success
50-3-6-a1-i3.json,2.0,1.0,0.5,80,13460.0,299.22918343544006,success
50-3-6-a1-i3.json,2.0,1.0,0.75,30,12704.0,300.0001485347748,success
50-3-6-a1-i3.json,2.0,1.0,1.0,50,13460.0,299.0582661628723,success
50-3-6-a1-i3.json,2.0,2.0,0.5,30,12484.0,300.0006422996521,success
50-3-6-a1-i3.json,2.0,2.0,0.75,50,13460.0,299.3638164997101,success
50-3-6-a1-i3.json,2.0,2.0,1.0,80,13460.0,299.00570821762085,success
50-3-7-a100-i1.json,0.5,0.5,0.5,30,11830.0,300.07328510284424,success
50-3-7-a100-i1.json,0.5,0.5,0.75,50,11830.0,299.2205865383148,success
50-3-7-a100-i1.json,0.5,0.5,1.0,80,11830.0,299.7487416267395,success
50-3-7-a100-i1.json,0.5,1.0,0.5,50,11830.0,299.38295125961304,success
50-3-7-a100-i1.json,0.5,1.0,0.75,80,11830.0,299.28200674057007,success
50-3-7-a100-i1.json,0.5,1.0,1.0,30,11830.0,299.97353506088257,success
50-3-7-a100-i1.json,0.5,2.0,0.5,80,11830.0,299.9887216091156,success
50-3-7-a100-i1.json,0.5,2.0,0.75,30,11830.0,299.93228363990784,success
50-3-7-a100-i1.json,0.5,2.0,1.0,50,11830.0,299.7837824821472,success
50-3-7-a100-i1.json,1.0,0.5,0.5,80,11830.0,299.6000454425812,success
50-3-7-a100-i1.json,1.0,0.5,0.75,30,11830.0,300.0094702243805,success
50-3-7-a100-i1.json,1.0,0.5,1.0,50,11830.0,299.4827284812927,success
50-3-7-a100-i1.json,1.0,1.0,0.5,30,11830.0,299.52552461624146,success
50-3-7-a100-i1.json,1.0,1.0,0.75,50,11830.0,299.15390062332153,success
50-3-7-a100-i1.json,1.0,1.0,1.0,80,11830.0,299.50938844680786,success
50-3-7-a100-i1.json,1.0,2.0,0.5,50,11830.0,300.0685062408447,success
50-3-7-a100-i1.json,1.0,2.0,0.75,80,11830.0,300.0509707927704,success
50-3-7-a100-i1.json,1.0,2.0,1.0,30,11830.0,299.970255613327,success
50-3-7-a100-i1.json,2.0,0.5,0.5,50,11830.0,299.2455358505249,success
50-3-7-a100-i1.json,2.0,0.5,0.75,80,11830.0,299.1753888130188,success
50-3-7-a100-i1.json,2.0,0.5,1.0,30,11830.0,300.05570554733276,success
50-3-7-a100-i1.json,2.0,1.0,0.5,80,11830.0,299.5921006202698,success
50-3-7-a100-i1.json,2.0,1.0,0.75,30,11830.0,299.51745223999023,success
50-3-7-a100-i1.json,2.0,1.0,1.0,50,11830.0,299.9013659954071,success
50-3-7-a100-i1.json,2.0,2.0,0.5,30,11830.0,299.24823331832886,success
50-3-7-a100-i1.json,2.0,2.0,0.75,50,11830.0,299.3388841152191,success
50-3-7-a100-i1.json,2.0,2.0,1.0,80,11830.0,299.87459349632263,success
50-3-8-a100-i3.json,0.5,0.5,0.5,30,13460.0,299.2816596031189,success
50-3-8-a100-i3.json,0.5,0.5,0.75,50,13460.0,299.5364396572113,success
50-3-8-a100-i3.json,0.5,0.5,1.0,80,13460.0,299.2918140888214,success
50-3-8-a100-i3.json,0.5,1.0,0.5,50,13460.0,299.99745750427246,success
50-3-8-a100-i3.json,0.5,1.0,0.75,80,13460.0,299.1530730724335,success
50-3-8-a100-i3.json,0.5,1.0,1.0,30,13460.0,299.98322653770447,success
50-3-8-a100-i3.json,0.5,2.0,0.5,80,13460.0,299.1899263858795,success
50-3-8-a100-i3.json,0.5,2.0,0.75,30,13460.0,299.13519406318665,success
50-3-8-a100-i3.json,0.5,2.0,1.0,50,13460.0,299.6894290447235,success
50-3-8-a100-i3.json,1.0,0.5,0.5,80,13460.0,300.002818107605,success
50-3-8-a100-i3.json,1.0,0.5,0.75,30,13460.0,300.0395133495331,success
50-3-8-a100-i3.json,1.0,0.5,1.0,50,13460.0,299.6580822467804,success
50-3-8-a100-i3.json,1.0,1.0,0.5,30,13460.0,299.58130407333374,success
50-3-8-a100-i3.json,1.0,1.0,0.75,50,13460.0,299.5267927646637,success
50-3-8-a100-i3.json,1.0,1.0,1.0,80,13460.0,299.4927246570587,success
50-3-8-a100-i3.json,1.0,2.0,0.5,50,13460.0,299.586234331131,success
50-3-8-a100-i3.json,1.0,2.0,0.75,80,13460.0,299.7850139141083,success
50-3-8-a100-i3.json,1.0,2.0,1.0,30,13460.0,299.4181139469147,success
50-3-8-a100-i3.json,2.0,0.5,0.5,50,13460.0,299.99362087249756,success
50-3-8-a100-i3.json,2.0,0.5,0.75,80,13460.0,299.28092885017395,success
50-3-8-a100-i3.json,2.0,0.5,1.0,30,13460.0,299.5357322692871,success
50-3-8-a100-i3.json,2.0,1.0,0.5,80,13460.0,299.471186876297,success
50-3-8-a100-i3.json,2.0,1.0,0.75,30,13460.0,299.76831698417664,success
50-3-8-a100-i3.json,2.0,1.0,1.0,50,13460.0,299.08258152008057,success
50-3-8-a100-i3.json,2.0,2.0,0.5,30,13460.0,299.6139805316925,success
50-3-8-a100-i3.json,2.0,2.0,0.75,50,13460.0,299.7880320549011,success
50-3-8-a100-i3.json,2.0,2.0,1.0,80,13460.0,299.3654296398163,success
50-4-6-a10-i1.json,0.5,0.5,0.5,30,11660.0,299.10744738578796,success
50-4-6-a10-i1.json,0.5,0.5,0.75,50,11660.0,299.68872451782227,success
50-4-6-a10-i1.json,0.5,0.5,1.0,80,11660.0,299.1926691532135,success
50-4-6-a10-i1.json,0.5,1.0,0.5,50,11660.0,299.08816504478455,success
50-4-6-a10-i1.json,0.5,1.0,0.75,80,11660.0,299.25793981552124,success
50-4-6-a10-i1.json,0.5,1.0,1.0,30,11660.0,300.02759528160095,success
50-4-6-a10-i1.json,0.5,2.0,0.5,80,11660.0,299.2638373374939,success
50-4-6-a10-i1.json,0.5,2.0,0.75,30,11660.0,299.04179787635803,success
50-4-6-a10-i1.json,0.5,2.0,1.0,50,11660.0,299.19651675224304,success
50-4-6-a10-i1.json,1.0,0.5,0.5,80,11660.0,299.6719629764557,success
50-4-6-a10-i1.json,1.0,0.5,0.75,30,11660.0,299.116970539093,success
50-4-6-a10-i1.json,1.0,0.5,1.0,50,11660.0,299.3949685096741,success
50-4-6-a10-i1.json,1.0,1.0,0.5,30,11660.0,299.01659655570984,success
50-4-6-a10-i1.json,1.0,1.0,0.75,50,11660.0,299.1561539173126,success
50-4-6-a10-i1.json,1.0,1.0,1.0,80,11660.0,299.5580108165741,success
50-4-6-a10-i1.json,1.0,2.0,0.5,50,11660.0,299.7316048145294,success
50-4-6-a10-i1.json,1.0,2.0,0.75,80,11660.0,299.7524845600128,success
50-4-6-a10-i1.json,1.0,2.0,1.0,30,11660.0,299.1555829048157,success
50-4-6-a10-i1.json,2.0,0.5,0.5,50,11660.0,299.27727484703064,success
50-4-6-a10-i1.json,2.0,0.5,0.75,80,11660.0,299.71412420272827,success
50-4-6-a10-i1.json,2.0,0.5,1.0,30,11660.0,299.262090921402,success
50-4-6-a10-i1.json,2.0,1.0,0.5,80,11660.0,299.37229895591736,success
50-4-6-a10-i1.json,2.0,1.0,0.75,30,11660.0,299.33493661880493,success
50-4-6-a10-i1.json,2.0,1.0,1.0,50,11660.0,299.8737542629242,success
50-4-6-a10-i1.json,2.0,2.0,0.5,30,11660.0,299.1610064506531,success
50-4-6-a10-i1.json,2.0,2.0,0.75,50,11660.0,299.70987486839294,success
50-4-6-a10-i1.json,2.0,2.0,1.0,80,11660.0,299.9384651184082,success
50-4-7-a1-i3.json,0.5,0.5,0.5,30,13300.0,299.13440227508545,success
50-4-7-a1-i3.json,0.5,0.5,0.75,50,13300.0,299.1994478702545,success
50-4-7-a1-i3.json,0.5,0.5,1.0,80,13300.0,299.4871759414673,success
50-4-7-a1-i3.json,0.5,1.0,0.5,50,13300.0,299.12804436683655,success
50-4-7-a1-i3.json,0.5,1.0,0.75,80,13300.0,299.81830072402954,success
50-4-7-a1-i3.json,0.5,1.0,1.0,30,13300.0,299.4337112903595,success
50-4-7-a1-i3.json,0.5,2.0,0.5,80,13300.0,299.55538058280945,success
50-4-7-a1-i3.json,0.5,2.0,0.75,30,13300.0,299.4962067604065,success
50-4-7-a1-i3.json,0.5,2.0,1.0,50,13300.0,299.67268466949463,success
50-4-7-a1-i3.json,1.0,0.5,0.5,80,13300.0,299.49605798721313,success
50-4-7-a1-i3.json,1.0,0.5,0.75,30,13300.0,299.3284866809845,success
50-4-7-a1-i3.json,1.0,0.5,1.0,50,13300.0,299.2364909648895,success
50-4-7-a1-i3.json,1.0,1.0,0.5,30,13300.0,299.4501314163208,success
50-4-7-a1-i3.json,1.0,1.0,0.75,50,13300.0,299.53892707824707,success
50-4-7-a1-i3.json,1.0,1.0,1.0,80,13300.0,300.04796600341797,success
50-4-7-a1-i3.json,1.0,2.0,0.5,50,13300.0,299.43612265586853,success
50-4-7-a1-i3.json,1.0,2.0,0.75,80,13300.0,299.52460837364197,success
50-4-7-a1-i3.json,1.0,2.0,1.0,30,13300.0,299.824266910553,success
50-4-7-a1-i3.json,2.0,0.5,0.5,50,13300.0,299.532541513443,success
50-4-7-a1-i3.json,2.0,0.5,0.75,80,13300.0,299.559947013855,success
50-4-7-a1-i3.json,2.0,0.5,1.0,30,13300.0,299.7976851463318,success
50-4-7-a1-i3.json,2.0,1.0,0.5,80,13300.0,299.2947452068329,success
50-4-7-a1-i3.json,2.0,1.0,0.75,30,13300.0,300.0278432369232,success
50-4-7-a1-i3.json,2.0,1.0,1.0,50,13300.0,299.0155773162842,success
50-4-7-a1-i3.json,2.0,2.0,0.5,30,13300.0,299.22962522506714,success
50-4-7-a1-i3.json,2.0,2.0,0.75,50,13300.0,299.1469850540161,success
50-4-7-a1-i3.json,2.0,2.0,1.0,80,13300.0,299.3649697303772,success
50-4-8-a100-i2.json,0.5,0.5,0.5,30,13250.0,299.2040741443634,success
50-4-8-a100-i2.json,0.5,0.5,0.75,50,13250.0,299.65574860572815,success
50-4-8-a100-i2.json,0.5,0.5,1.0,80,13250.0,299.9326434135437,success
50-4-8-a100-i2.json,0.5,1.0,0.5,50,13250.0,299.563214302063,success
50-4-8-a100-i2.json,0.5,1.0,0.75,80,13250.0,299.26224303245544,success
50-4-8-a100-i2.json,0.5,1.0,1.0,30,13250.0,299.6681320667267,success
50-4-8-a100-i2.json,0.5,2.0,0.5,80,13250.0,299.72317266464233,success
50-4-8-a100-i2.json,0.5,2.0,0.75,30,13250.0,299.71028423309326,success
50-4-8-a100-i2.json,0.5,2.0,1.0,50,13250.0,299.4472699165344,success
50-4-8-a100-i2.json,1.0,0.5,0.5,80,13250.0,299.21433186531067,success
50-4-8-a100-i2.json,1.0,0.5,0.75,30,13250.0,299.148246049881,success
50-4-8-a100-i2.json,1.0,0.5,1.0,50,13250.0,299.3042321205139,success
50-4-8-a100-i2.json,1.0,1.0,0.5,30,13250.0,299.4838185310364,success
50-4-8-a100-i2.json,1.0,1.0,0.75,50,13250.0,299.26182794570923,success
50-4-8-a100-i2.json,1.0,1.0,1.0,80,13250.0,299.1249771118164,success
50-4-8-a100-i2.json,1.0,2.0,0.5,50,13250.0,299.44132256507874,success
50-4-8-a100-i2.json,1.0,2.0,0.75,80,13250.0,299.6125090122223,success
50-4-8-a100-i2.json,1.0,2.0,1.0,30,13250.0,299.29973888397217,success
50-4-8-a100-i2.json,2.0,0.5,0.5,50,13250.0,299.07581424713135,success
50-4-8-a100-i2.json,2.0,0.5,0.75,80,13250.0,299.8287878036499,success
50-4-8-a100-i2.json,2.0,0.5,1.0,30,13250.0,299.7948365211487,success
50-4-8-a100-i2.json,2.0,1.0,0.5,80,13250.0,299.28786277770996,success
50-4-8-a100-i2.json,2.0,1.0,0.75,30,13250.0,300.0414209365845,success
50-4-8-a100-i2.json,2.0,1.0,1.0,50,13250.0,299.9864933490753,success
50-4-8-a100-i2.json,2.0,2.0,0.5,30,13250.0,299.4518184661865,success
50-4-8-a100-i2.json,2.0,2.0,0.75,50,13250.0,299.0990340709686,success
50-4-8-a100-i2.json,2.0,2.0,1.0,80,13250.0,299.7618479728699,success
50-5-6-a10-i1.json,0.5,0.5,0.5,30,11275.0,300.0004942417145,success
50-5-6-a10-i1.json,0.5,0.5,0.75,50,11202.0,300.0000548362732,success
50-5-6-a10-i1.json,0.5,0.5,1.0,80,11840.0,299.3874351978302,success
50-5-6-a10-i1.json,0.5,1.0,0.5,50,11254.0,300.00032448768616,success
50-5-6-a10-i1.json,0.5,1.0,0.75,80,11313.0,299.0317294597626,success
50-5-6-a10-i1.json,0.5,1.0,1.0,30,11381.0,300.00015449523926,success
50-5-6-a10-i1.json,0.5,2.0,0.5,80,10928.0,300.000727891922,success
50-5-6-a10-i1.json,0.5,2.0,0.75,30,10475.0,299.42192101478577,success
50-5-6-a10-i1.json,0.5,2.0,1.0,50,11148.0,300.0005795955658,success
50-5-6-a10-i1.json,1.0,0.5,0.5,80,11840.0,299.6088888645172,success
50-5-6-a10-i1.json,1.0,0.5,0.75,30,11086.0,300.00011229515076,success
50-5-6-a10-i1.json,1.0,0.5,1.0,50,11312.0,299.01498460769653,success
50-5-6-a10-i1.json,1.0,1.0,0.5,30,11119.0,300.0006318092346,success
50-5-6-a10-i1.json,1.0,1.0,0.75,50,11095.0,300.0009458065033,success
50-5-6-a10-i1.json,1.0,1.0,1.0,80,11472.0,299.011351108551,success
50-5-6-a10-i1.json,1.0,2.0,0.5,50,11144.0,300.0005340576172,success
50-5-6-a10-i1.json,1.0,2.0,0.75,80,10744.0,300.00075459480286,success
50-5-6-a10-i1.json,1.0,2.0,1.0,30,10999.0,300.0003366470337,success
50-5-6-a10-i1.json,2.0,0.5,0.5,50,11840.0,299.05069065093994,success
50-5-6-a10-i1.json,2.0,0.5,0.75,80,11840.0,299.00494170188904,success
50-5-6-a10-i1.json,2.0,0.5,1.0,30,10663.0,299.00594115257263,success
50-5-6-a10-i1.json,2.0,1.0,0.5,80,11412.0,299.0138454437256,success
50-5-6-a10-i1.json,2.0,1.0,0.75,30,10737.0,300.0008420944214,success
50-5-6-a10-i1.json,2.0,1.0,1.0,50,10505.0,299.02957701683044,success
50-5-6-a10-i1.json,2.0,2.0,0.5,30,10507.0,299.01333022117615,success
50-5-6-a10-i1.json,2.0,2.0,0.75,50,10860.0,300.00094652175903,success
50-5-6-a10-i1.json,2.0,2.0,1.0,80,10399.0,299.0058436393738,success
50-5-7-a1-i2.json,0.5,0.5,0.5,30,13110.0,299.15818548202515,success
50-5-7-a1-i2.json,0.5,0.5,0.75,50,13110.0,299.2549698352814,success
50-5-7-a1-i2.json,0.5,0.5,1.0,80,13110.0,299.63610434532166,success
50-5-7-a1-i2.json,0.5,1.0,0.5,50,13110.0,299.1867527961731,success
50-5-7-a1-i2.json,0.5,1.0,0.75,80,13110.0,299.3276197910309,success
50-5-7-a1-i2.json,0.5,1.0,1.0,30,13110.0,299.5417101383209,success
50-5-7-a1-i2.json,0.5,2.0,0.5,80,13110.0,299.5812828540802,success
50-5-7-a1-i2.json,0.5,2.0,0.75,30,12485.0,300.0003411769867,success
50-5-7-a1-i2.json,0.5,2.0,1.0,50,13110.0,299.3222291469574,success
50-5-7-a1-i2.json,1.0,0.5,0.5,80,13110.0,299.9051854610443,success
50-5-7-a1-i2.json,1.0,0.5,0.75,30,13110.0,300.0446150302887,success
50-5-7-a1-i2.json,1.0,0.5,1.0,50,13110.0,299.7365651130676,success
50-5-7-a1-i2.json,1.0,1.0,0.5,30,13110.0,299.1127562522888,success
50-5-7-a1-i2.json,1.0,1.0,0.75,50,13110.0,299.477418422699,success
50-5-7-a1-i2.json,1.0,1.0,1.0,80,13110.0,299.51342272758484,success
50-5-7-a1-i2.json,1.0,2.0,0.5,50,13110.0,299.5839204788208,success
50-5-7-a1-i2.json,1.0,2.0,0.75,80,13110.0,299.86127257347107,success
50-5-7-a1-i2.json,1.0,2.0,1.0,30,12420.0,300.0002381801605,success
50-5-7-a1-i2.json,2.0,0.5,0.5,50,13110.0,299.4334452152252,success
50-5-7-a1-i2.json,2.0,0.5,0.75,80,13110.0,299.3246603012085,success
50-5-7-a1-i2.json,2.0,0.5,1.0,30,13110.0,299.82178592681885,success
50-5-7-a1-i2.json,2.0,1.0,0.5,80,13110.0,299.0405571460724,success
50-5-7-a1-i2.json,2.0,1.0,0.75,30,13110.0,299.66494584083557,success
50-5-7-a1-i2.json,2.0,1.0,1.0,50,13110.0,299.9541013240814,success
50-5-7-a1-i2.json,2.0,2.0,0.5,30,12172.0,300.00085735321045,success
50-5-7-a1-i2.json,2.0,2.0,0.75,50,13110.0,299.0009834766388,success
50-5-7-a1-i2.json,2.0,2.0,1.0,80,13110.0,299.17338132858276,success
50-5-8-a0.1-i1.json,0.5,0.5,0.5,30,11840.0,299.86283111572266,success
50-5-8-a0.1-i1.json,0.5,0.5,0.75,50,11840.0,299.76635360717773,success
50-5-8-a0.1-i1.json,0.5,0.5,1.0,80,11840.0,299.78404116630554,success
50-5-8-a0.1-i1.json,0.5,1.0,0.5,50,11840.0,299.65272521972656,success
50-5-8-a0.1-i1.json,0.5,1.0,0.75,80,11840.0,299.79893159866333,success
50-5-8-a0.1-i1.json,0.5,1.0,1.0,30,11840.0,299.57578563690186,success
50-5-8-a0.1-i1.json,0.5,2.0,0.5,80,11840.0,299.6814022064209,success
50-5-8-a0.1-i1.json,0.5,2.0,0.75,30,11840.0,299.19928526878357,success
50-5-8-a0.1-i1.json,0.5,2.0,1.0,50,11840.0,299.2640404701233,success
50-5-8-a0.1-i1.json,1.0,0.5,0.5,80,11840.0,299.17557430267334,success
50-5-8-a0.1-i1.json,1.0,0.5,0.75,30,11840.0,299.3848068714142,success
50-5-8-a0.1-i1.json,1.0,0.5,1.0,50,11840.0,299.1425256729126,success
50-5-8-a0.1-i1.json,1.0,1.0,0.5,30,11840.0,299.5698974132538,success
50-5-8-a0.1-i1.json,1.0,1.0,0.75,50,11840.0,300.0182189941406,success
50-5-8-a0.1-i1.json,1.0,1.0,1.0,80,11840.0,299.8740141391754,success
50-5-8-a0.1-i1.json,1.0,2.0,0.5,50,11840.0,299.5835921764374,success
50-5-8-a0.1-i1.json,1.0,2.0,0.75,80,11840.0,299.2698404788971,success
50-5-8-a0.1-i1.json,1.0,2.0,1.0,30,11840.0,299.1808350086212,success
50-5-8-a0.1-i1.json,2.0,0.5,0.5,50,11840.0,299.7946128845215,success
50-5-8-a0.1-i1.json,2.0,0.5,0.75,80,11840.0,299.64333033561707,success
50-5-8-a0.1-i1.json,2.0,0.5,1.0,30,11840.0,299.3652355670929,success
50-5-8-a0.1-i1.json,2.0,1.0,0.5,80,11840.0,299.508287191391,success
50-5-8-a0.1-i1.json,2.0,1.0,0.75,30,11840.0,299.6210687160492,success
50-5-8-a0.1-i1.json,2.0,1.0,1.0,50,11840.0,299.77538657188416,success
50-5-8-a0.1-i1.json,2.0,2.0,0.5,30,11840.0,299.2028534412384,success
50-5-8-a0.1-i1.json,2.0,2.0,0.75,50,11840.0,299.2854313850403,success
50-5-8-a0.1-i1.json,2.0,2.0,1.0,80,11840.0,299.8176095485687,success
70-3-6-a100-i1.json,0.5,0.5,0.5,30,17480.0,299.50409388542175,success
70-3-6-a100-i1.json,0.5,0.5,0.75,50,17480.0,299.93956327438354,success
70-3-6-a100-i1.json,0.5,0.5,1.0,80,17480.0,299.69988560676575,success
70-3-6-a100-i1.json,0.5,1.0,0.5,50,17480.0,299.08233976364136,success
70-3-6-a100-i1.json,0.5,1.0,0.75,80,17480.0,299.09807109832764,success
70-3-6-a100-i1.json,0.5,1.0,1.0,30,16447.0,299.0097870826721,success
70-3-6-a100-i1.json,0.5,2.0,0.5,80,17480.0,299.7401211261749,success
70-3-6-a100-i1.json,0.5,2.0,0.75,30,16469.0,300.0008170604706,success
70-3-6-a100-i1.json,0.5,2.0,1.0,50,17480.0,299.4577691555023,success
70-3-6-a100-i1.json,1.0,0.5,0.5,80,17480.0,299.60107588768005,success
70-3-6-a100-i1.json,1.0,0.5,0.75,30,17480.0,299.0056037902832,success
70-3-6-a100-i1.json,1.0,0.5,1.0,50,17480.0,299.42212986946106,success
70-3-6-a100-i1.json,1.0,1.0,0.5,30,16840.0,299.1287589073181,success
70-3-6-a100-i1.json,1.0,1.0,0.75,50,17480.0,299.094309091568,success
70-3-6-a100-i1.json,1.0,1.0,1.0,80,17480.0,299.659677028656,success
70-3-6-a100-i1.json,1.0,2.0,0.5,50,17480.0,299.9965031147003,success
70-3-6-a100-i1.json,1.0,2.0,0.75,80,17480.0,299.4377679824829,success
70-3-6-a100-i1.json,1.0,2.0,1.0,30,16355.0,300.0001063346863,success
70-3-6-a100-i1.json,2.0,0.5,0.5,50,17480.0,299.18010997772217,success
70-3-6-a100-i1.json,2.0,0.5,0.75,80,17480.0,299.29015254974365,success
70-3-6-a100-i1.json,2.0,0.5,1.0,30,17480.0,299.47065138816833,success
70-3-6-a100-i1.json,2.0,1.0,0.5,80,17480.0,299.2815988063812,success
70-3-6-a100-i1.json,2.0,1.0,0.75,30,17126.0,299.6143615245819,success
70-3-6-a100-i1.json,2.0,1.0,1.0,50,17480.0,299.8003387451172,success
70-3-6-a100-i1.json,2.0,2.0,0.5,30,15687.0,299.00700664520264,success
70-3-6-a100-i1.json,2.0,2.0,0.75,50,17480.0,299.2767701148987,success
70-3-6-a100-i1.json,2.0,2.0,1.0,80,17480.0,299.6481251716614,success
70-3-7-a10-i2.json,0.5,0.5,0.5,30,17850.0,299.4193003177643,success
70-3-7-a10-i2.json,0.5,0.5,0.75,50,17850.0,299.38523387908936,success
70-3-7-a10-i2.json,0.5,0.5,1.0,80,17850.0,299.4032471179962,success
70-3-7-a10-i2.json,0.5,1.0,0.5,50,17850.0,299.5897059440613,success
70-3-7-a10-i2.json,0.5,1.0,0.75,80,17850.0,299.85371017456055,success
70-3-7-a10-i2.json,0.5,1.0,1.0,30,17850.0,299.9633295536041,success
70-3-7-a10-i2.json,0.5,2.0,0.5,80,17850.0,299.40555143356323,success
70-3-7-a10-i2.json,0.5,2.0,0.75,30,17850.0,299.97482776641846,success
70-3-7-a10-i2.json,0.5,2.0,1.0,50,17850.0,299.3211758136749,success
70-3-7-a10-i2.json,1.0,0.5,0.5,80,17850.0,299.23406291007996,success
70-3-7-a10-i2.json,1.0,0.5,0.75,30,17850.0,299.54982900619507,success
70-3-7-a10-i2.json,1.0,0.5,1.0,50,17850.0,299.4855194091797,success
70-3-7-a10-i2.json,1.0,1.0,0.5,30,17850.0,299.22921442985535,success
70-3-7-a10-i2.json,1.0,1.0,0.75,50,17850.0,300.0213849544525,success
70-3-7-a10-i2.json,1.0,1.0,1.0,80,17850.0,299.41190004348755,success
70-3-7-a10-i2.json,1.0,2.0,0.5,50,17850.0,299.77434611320496,success
70-3-7-a10-i2.json,1.0,2.0,0.75,80,17850.0,299.7334716320038,success
70-3-7-a10-i2.json,1.0,2.0,1.0,30,17850.0,299.4682664871216,success
70-3-7-a10-i2.json,2.0,0.5,0.5,50,17850.0,299.43722224235535,success
70-3-7-a10-i2.json,2.0,0.5,0.75,80,17850.0,299.7479109764099,success
70-3-7-a10-i2.json,2.0,0.5,1.0,30,17850.0,299.9860677719116,success
70-3-7-a10-i2.json,2.0,1.0,0.5,80,17850.0,299.0872414112091,success
70-3-7-a10-i2.json,2.0,1.0,0.75,30,17850.0,299.46664786338806,success
70-3-7-a10-i2.json,2.0,1.0,1.0,50,17850.0,299.7682857513428,success
70-3-7-a10-i2.json,2.0,2.0,0.5,30,17850.0,299.6420087814331,success
70-3-7-a10-i2.json,2.0,2.0,0.75,50,17850.0,299.1513931751251,success
70-3-7-a10-i2.json,2.0,2.0,1.0,80,17850.0,299.83366560935974,success
70-3-8-a10-i1.json,0.5,0.5,0.5,30,17480.0,299.10916471481323,success
70-3-8-a10-i1.json,0.5,0.5,0.75,50,17480.0,299.65053248405457,success
70-3-8-a10-i1.json,0.5,0.5,1.0,80,17480.0,299.15405678749084,success
70-3-8-a10-i1.json,0.5,1.0,0.5,50,17480.0,299.987601518631,success
70-3-8-a10-i1.json,0.5,1.0,0.75,80,17480.0,299.81594681739807,success
70-3-8-a10-i1.json,0.5,1.0,1.0,30,17480.0,299.22841715812683,success
70-3-8-a10-i1.json,0.5,2.0,0.5,80,17480.0,299.1227743625641,success
70-3-8-a10-i1.json,0.5,2.0,0.75,30,17480.0,299.5878756046295,success
70-3-8-a10-i1.json,0.5,2.0,1.0,50,17480.0,299.40713262557983,success
70-3-8-a10-i1.json,1.0,0.5,0.5,80,17480.0,300.04865431785583,success
70-3-8-a10-i1.json,1.0,0.5,0.75,30,17480.0,299.2759623527527,success
70-3-8-a10-i1.json,1.0,0.5,1.0,50,17480.0,299.36874318122864,success
70-3-8-a10-i1.json,1.0,1.0,0.5,30,17480.0,300.0340151786804,success
70-3-8-a10-i1.json,1.0,1.0,0.75,50,17480.0,299.7944052219391,success
70-3-8-a10-i1.json,1.0,1.0,1.0,80,17480.0,299.5609772205353,success
70-3-8-a10-i1.json,1.0,2.0,0.5,50,17480.0,299.4476635456085,success
70-3-8-a10-i1.json,1.0,2.0,0.75,80,17480.0,299.22682547569275,success
70-3-8-a10-i1.json,1.0,2.0,1.0,30,17480.0,299.725688457489,success
70-3-8-a10-i1.json,2.0,0.5,0.5,50,17480.0,299.5545380115509,success
70-3-8-a10-i1.json,2.0,0.5,0.75,80,17480.0,300.0020229816437,success
70-3-8-a10-i1.json,2.0,0.5,1.0,30,17480.0,299.57117199897766,success
70-3-8-a10-i1.json,2.0,1.0,0.5,80,17480.0,299.9625527858734,success
70-3-8-a10-i1.json,2.0,1.0,0.75,30,17480.0,299.0978605747223,success
70-3-8-a10-i1.json,2.0,1.0,1.0,50,17480.0,299.94124579429626,success
70-3-8-a10-i1.json,2.0,2.0,0.5,30,17480.0,299.7634115219116,success
70-3-8-a10-i1.json,2.0,2.0,0.75,50,17480.0,299.6259455680847,success
70-3-8-a10-i1.json,2.0,2.0,1.0,80,17480.0,299.79013538360596,success
70-4-6-a100-i3.json,0.5,0.5,0.5,30,18380.0,299.4586534500122,success
70-4-6-a100-i3.json,0.5,0.5,0.75,50,18380.0,299.8440570831299,success
70-4-6-a100-i3.json,0.5,0.5,1.0,80,18380.0,299.8935356140137,success
70-4-6-a100-i3.json,0.5,1.0,0.5,50,18380.0,299.652179479599,success
70-4-6-a100-i3.json,0.5,1.0,0.75,80,18380.0,299.89241003990173,success
70-4-6-a100-i3.json,0.5,1.0,1.0,30,18380.0,299.4052028656006,success
70-4-6-a100-i3.json,0.5,2.0,0.5,80,18380.0,299.0025546550751,success
70-4-6-a100-i3.json,0.5,2.0,0.75,30,18380.0,299.2131245136261,success
70-4-6-a100-i3.json,0.5,2.0,1.0,50,18380.0,299.08715081214905,success
70-4-6-a100-i3.json,1.0,0.5,0.5,80,18380.0,299.22595834732056,success
70-4-6-a100-i3.json,1.0,0.5,0.75,30,18380.0,299.5598843097687,success
70-4-6-a100-i3.json,1.0,0.5,1.0,50,18380.0,299.99920749664307,success
70-4-6-a100-i3.json,1.0,1.0,0.5,30,18380.0,299.14431619644165,success
70-4-6-a100-i3.json,1.0,1.0,0.75,50,18380.0,299.65624237060547,success
70-4-6-a100-i3.json,1.0,1.0,1.0,80,18380.0,299.6478991508484,success
70-4-6-a100-i3.json,1.0,2.0,0.5,50,18380.0,299.04673314094543,success
70-4-6-a100-i3.json,1.0,2.0,0.75,80,18380.0,300.01149702072144,success
70-4-6-a100-i3.json,1.0,2.0,1.0,30,18380.0,299.6638422012329,success
70-4-6-a100-i3.json,2.0,0.5,0.5,50,18380.0,299.9169554710388,success
70-4-6-a100-i3.json,2.0,0.5,0.75,80,18380.0,300.0311255455017,success
70-4-6-a100-i3.json,2.0,0.5,1.0,30,18380.0,299.262615442276,success
70-4-6-a100-i3.json,2.0,1.0,0.5,80,18380.0,299.3107113838196,success
70-4-6-a100-i3.json,2.0,1.0,0.75,30,18380.0,299.4876551628113,success
70-4-6-a100-i3.json,2.0,1.0,1.0,50,18380.0,299.88136982917786,success
70-4-6-a100-i3.json,2.0,2.0,0.5,30,18380.0,299.6488652229309,success
70-4-6-a100-i3.json,2.0,2.0,0.75,50,18380.0,299.609055519104,success
70-4-6-a100-i3.json,2.0,2.0,1.0,80,18380.0,299.4639549255371,success
70-4-7-a0.1-i2.json,0.5,0.5,0.5,30,18260.0,299.44459676742554,success
70-4-7-a0.1-i2.json,0.5,0.5,0.75,50,18260.0,299.3095602989197,success
70-4-7-a0.1-i2.json,0.5,0.5,1.0,80,18260.0,299.2336266040802,success
70-4-7-a0.1-i2.json,0.5,1.0,0.5,50,18260.0,299.8065173625946,success
70-4-7-a0.1-i2.json,0.5,1.0,0.75,80,18260.0,299.665176153183,success
70-4-7-a0.1-i2.json,0.5,1.0,1.0,30,18260.0,299.2312955856323,success
70-4-7-a0.1-i2.json,0.5,2.0,0.5,80,18260.0,299.1877906322479,success
70-4-7-a0.1-i2.json,0.5,2.0,0.75,30,18260.0,299.90831112861633,success
70-4-7-a0.1-i2.json,0.5,2.0,1.0,50,18260.0,299.098845243454,success
70-4-7-a0.1-i2.json,1.0,0.5,0.5,80,18260.0,299.1752645969391,success
70-4-7-a0.1-i2.json,1.0,0.5,0.75,30,18260.0,299.977299451828,success
70-4-7-a0.1-i2.json,1.0,0.5,1.0,50,18260.0,299.08702754974365,success
70-4-7-a0.1-i2.json,1.0,1.0,0.5,30,18260.0,299.70495533943176,success
70-4-7-a0.1-i2.json,1.0,1.0,0.75,50,18260.0,299.84004521369934,success
70-4-7-a0.1-i2.json,1.0,1.0,1.0,80,18260.0,299.3404598236084,success
70-4-7-a0.1-i2.json,1.0,2.0,0.5,50,18260.0,299.76296758651733,success
70-4-7-a0.1-i2.json,1.0,2.0,0.75,80,18260.0,299.9751133918762,success
70-4-7-a0.1-i2.json,1.0,2.0,1.0,30,18260.0,299.9300801753998,success
70-4-7-a0.1-i2.json,2.0,0.5,0.5,50,18260.0,299.764919757843,success
70-4-7-a0.1-i2.json,2.0,0.5,0.75,80,18260.0,299.00022435188293,success
70-4-7-a0.1-i2.json,2.0,0.5,1.0,30,18260.0,299.2481780052185,success
70-4-7-a0.1-i2.json,2.0,1.0,0.5,80,18260.0,299.94317507743835,success
70-4-7-a0.1-i2.json,2.0,1.0,0.75,30,18260.0,299.5088975429535,success
70-4-7-a0.1-i2.json,2.0,1.0,1.0,50,18260.0,299.66153264045715,success
70-4-7-a0.1-i2.json,2.0,2.0,0.5,30,18260.0,299.5254147052765,success
70-4-7-a0.1-i2.json,2.0,2.0,0.75,50,18260.0,299.375018119812,success
70-4-7-a0.1-i2.json,2.0,2.0,1.0,80,18260.0,299.5847132205963,success
70-4-8-a0.1-i3.json,0.5,0.5,0.5,30,18380.0,300.01401019096375,success
70-4-8-a0.1-i3.json,0.5,0.5,0.75,50,18380.0,299.5025119781494,success
70-4-8-a0.1-i3.json,0.5,0.5,1.0,80,18380.0,299.81964898109436,success
70-4-8-a0.1-i3.json,0.5,1.0,0.5,50,18380.0,299.1085114479065,success
70-4-8-a0.1-i3.json,0.5,1.0,0.75,80,18380.0,299.803560256958,success
70-4-8-a0.1-i3.json,0.5,1.0,1.0,30,18380.0,300.0215437412262,success
70-4-8-a0.1-i3.json,0.5,2.0,0.5,80,18380.0,299.67351150512695,success
70-4-8-a0.1-i3.json,0.5,2.0,0.75,30,18380.0,300.08884477615356,success
70-4-8-a0.1-i3.json,0.5,2.0,1.0,50,18380.0,299.87634658813477,success
70-4-8-a0.1-i3.json,1.0,0.5,0.5,80,18380.0,299.8656053543091,success
70-4-8-a0.1-i3.json,1.0,0.5,0.75,30,18380.0,299.6240406036377,success
70-4-8-a0.1-i3.json,1.0,0.5,1.0,50,18380.0,299.8626539707184,success
70-4-8-a0.1-i3.json,1.0,1.0,0.5,30,18380.0,299.5832505226135,success
70-4-8-a0.1-i3.json,1.0,1.0,0.75,50,18380.0,299.7886309623718,success
70-4-8-a0.1-i3.json,1.0,1.0,1.0,80,18380.0,299.10040760040283,success
70-4-8-a0.1-i3.json,1.0,2.0,0.5,50,18380.0,299.4932200908661,success
70-4-8-a0.1-i3.json,1.0,2.0,0.75,80,18380.0,299.9544458389282,success
70-4-8-a0.1-i3.json,1.0,2.0,1.0,30,18380.0,300.02484679222107,success
70-4-8-a0.1-i3.json,2.0,0.5,0.5,50,18380.0,299.44488048553467,success
70-4-8-a0.1-i3.json,2.0,0.5,0.75,80,18380.0,299.88200330734253,success
70-4-8-a0.1-i3.json,2.0,0.5,1.0,30,18380.0,299.1213641166687,success
70-4-8-a0.1-i3.json,2.0,1.0,0.5,80,18380.0,299.14116644859314,success
70-4-8-a0.1-i3.json,2.0,1.0,0.75,30,18380.0,299.4032874107361,success
70-4-8-a0.1-i3.json,2.0,1.0,1.0,50,18380.0,299.30755734443665,success
70-4-8-a0.1-i3.json,2.0,2.0,0.5,30,18380.0,299.713237285614,success
70-4-8-a0.1-i3.json,2.0,2.0,0.75,50,18380.0,299.9266314506531,success
70-4-8-a0.1-i3.json,2.0,2.0,1.0,80,18380.0,299.48949241638184,success
70-5-6-a10-i3.json,0.5,0.5,0.5,30,18060.0,299.45306730270386,success
70-5-6-a10-i3.json,0.5,0.5,0.75,50,18060.0,299.41884183883667,success
70-5-6-a10-i3.json,0.5,0.5,1.0,80,18060.0,299.26172828674316,success
70-5-6-a10-i3.json,0.5,1.0,0.5,50,18060.0,299.85276198387146,success
70-5-6-a10-i3.json,0.5,1.0,0.75,80,18060.0,299.89896273612976,success
70-5-6-a10-i3.json,0.5,1.0,1.0,30,18060.0,299.9641411304474,success
70-5-6-a10-i3.json,0.5,2.0,0.5,80,18060.0,299.0681278705597,success
70-5-6-a10-i3.json,0.5,2.0,0.75,30,18060.0,299.61004519462585,success
70-5-6-a10-i3.json,0.5,2.0,1.0,50,18060.0,299.168967962265,success
70-5-6-a10-i3.json,1.0,0.5,0.5,80,18060.0,299.37539410591125,success
70-5-6-a10-i3.json,1.0,0.5,0.75,30,18060.0,299.0852265357971,success
70-5-6-a10-i3.json,1.0,0.5,1.0,50,18060.0,299.9380147457123,success
70-5-6-a10-i3.json,1.0,1.0,0.5,30,18060.0,299.0214240550995,success
70-5-6-a10-i3.json,1.0,1.0,0.75,50,18060.0,299.93465209007263,success
70-5-6-a10-i3.json,1.0,1.0,1.0,80,18060.0,299.7176263332367,success
70-5-6-a10-i3.json,1.0,2.0,0.5,50,18060.0,299.51532530784607,success
70-5-6-a10-i3.json,1.0,2.0,0.75,80,18060.0,299.75330090522766,success
70-5-6-a10-i3.json,1.0,2.0,1.0,30,18060.0,299.6025393009186,success
70-5-6-a10-i3.json,2.0,0.5,0.5,50,18060.0,299.4930601119995,success
70-5-6-a10-i3.json,2.0,0.5,0.75,80,18060.0,299.178822517395,success
70-5-6-a10-i3.json,2.0,0.5,1.0,30,18060.0,299.2542700767517,success
70-5-6-a10-i3.json,2.0,1.0,0.5,80,18060.0,299.8581986427307,success
70-5-6-a10-i3.json,2.0,1.0,0.75,30,18060.0,299.35926508903503,success
70-5-6-a10-i3.json,2.0,1.0,1.0,50,18060.0,299.4499840736389,success
70-5-6-a10-i3.json,2.0,2.0,0.5,30,18060.0,299.2262673377991,success
70-5-6-a10-i3.json,2.0,2.0,0.75,50,18060.0,299.5880084037781,success
70-5-6-a10-i3.json,2.0,2.0,1.0,80,18060.0,299.6789057254791,success
70-5-7-a10-i3.json,0.5,0.5,0.5,30,18060.0,299.39000034332275,success
70-5-7-a10-i3.json,0.5,0.5,0.75,50,18060.0,299.4053268432617,success
70-5-7-a10-i3.json,0.5,0.5,1.0,80,18060.0,299.50589418411255,success
70-5-7-a10-i3.json,0.5,1.0,0.5,50,18060.0,299.11863446235657,success
70-5-7-a10-i3.json,0.5,1.0,0.75,80,18060.0,299.4930512905121,success
70-5-7-a10-i3.json,0.5,1.0,1.0,30,18060.0,299.0229218006134,success
70-5-7-a10-i3.json,0.5,2.0,0.5,80,18060.0,299.42638325691223,success
70-5-7-a10-i3.json,0.5,2.0,0.75,30,18060.0,299.4241466522217,success
70-5-7-a10-i3.json,0.5,2.0,1.0,50,18060.0,299.32359552383423,success
70-5-7-a10-i3.json,1.0,0.5,0.5,80,18060.0,299.87825560569763,success
70-5-7-a10-i3.json,1.0,0.5,0.75,30,18060.0,299.36720037460327,success
70-5-7-a10-i3.json,1.0,0.5,1.0,50,18060.0,299.10181164741516,success
70-5-7-a10-i3.json,1.0,1.0,0.5,30,18060.0,299.9646029472351,success
70-5-7-a10-i3.json,1.0,1.0,0.75,50,18060.0,299.6695053577423,success
70-5-7-a10-i3.json,1.0,1.0,1.0,80,18060.0,299.5806062221527,success
70-5-7-a10-i3.json,1.0,2.0,0.5,50,18060.0,299.600834608078,success
70-5-7-a10-i3.json,1.0,2.0,0.75,80,18060.0,299.70988059043884,success
70-5-7-a10-i3.json,1.0,2.0,1.0,30,18060.0,299.60239124298096,success
70-5-7-a10-i3.json,2.0,0.5,0.5,50,18060.0,299.39955496788025,success
70-5-7-a10-i3.json,2.0,0.5,0.75,80,18060.0,299.88605976104736,success
70-5-7-a10-i3.json,2.0,0.5,1.0,30,18060.0,299.58361744880676,success
70-5-7-a10-i3.json,2.0,1.0,0.5,80,18060.0,299.6535105705261,success
70-5-7-a10-i3.json,2.0,1.0,0.75,30,18060.0,299.98407888412476,success
70-5-7-a10-i3.json,2.0,1.0,1.0,50,18060.0,299.1779570579529,success
70-5-7-a10-i3.json,2.0,2.0,0.5,30,18060.0,299.6722102165222,success
70-5-7-a10-i3.json,2.0,2.0,0.75,50,18060.0,299.11064767837524,success
70-5-7-a10-i3.json,2.0,2.0,1.0,80,18060.0,299.78737568855286,success
70-5-8-a1-i3.json,0.5,0.5,0.5,30,18060.0,299.4718506336212,success
70-5-8-a1-i3.json,0.5,0.5,0.75,50,18060.0,299.31275820732117,success
70-5-8-a1-i3.json,0.5,0.5,1.0,80,18060.0,300.00453305244446,success
70-5-8-a1-i3.json,0.5,1.0,0.5,50,18060.0,299.6537652015686,success
70-5-8-a1-i3.json,0.5,1.0,0.75,80,18060.0,299.98388743400574,success
70-5-8-a1-i3.json,0.5,1.0,1.0,30,18060.0,299.1453011035919,success
70-5-8-a1-i3.json,0.5,2.0,0.5,80,18060.0,299.0695526599884,success
70-5-8-a1-i3.json,0.5,2.0,0.75,30,18060.0,299.6522738933563,success
70-5-8-a1-i3.json,0.5,2.0,1.0,50,18060.0,299.23636388778687,success
70-5-8-a1-i3.json,1.0,0.5,0.5,80,18060.0,299.7926335334778,success
70-5-8-a1-i3.json,1.0,0.5,0.75,30,18060.0,299.6604092121124,success
70-5-8-a1-i3.json,1.0,0.5,1.0,50,18060.0,299.11810636520386,success
70-5-8-a1-i3.json,1.0,1.0,0.5,30,18060.0,299.2724561691284,success
70-5-8-a1-i3.json,1.0,1.0,0.75,50,18060.0,299.3038372993469,success
70-5-8-a1-i3.json,1.0,1.0,1.0,80,18060.0,299.6340072154999,success
70-5-8-a1-i3.json,1.0,2.0,0.5,50,18060.0,299.2581355571747,success
70-5-8-a1-i3.json,1.0,2.0,0.75,80,18060.0,299.14529180526733,success
70-5-8-a1-i3.json,1.0,2.0,1.0,30,18060.0,299.2798409461975,success
70-5-8-a1-i3.json,2.0,0.5,0.5,50,18060.0,299.40166425704956,success
70-5-8-a1-i3.json,2.0,0.5,0.75,80,18060.0,299.2738959789276,success
70-5-8-a1-i3.json,2.0,0.5,1.0,30,18060.0,299.96846556663513,success
70-5-8-a1-i3.json,2.0,1.0,0.5,80,18060.0,299.8816523551941,success
70-5-8-a1-i3.json,2.0,1.0,0.75,30,18060.0,299.7525722980499,success
70-5-8-a1-i3.json,2.0,1.0,1.0,50,18060.0,299.49852657318115,success
70-5-8-a1-i3.json,2.0,2.0,0.5,30,18060.0,299.88888359069824,success
70-5-8-a1-i3.json,2.0,2.0,0.75,50,18060.0,299.59325098991394,success
70-5-8-a1-i3.json,2.0,2.0,1.0,80,18060.0,299.5012397766113,success
