instance,O,P,Q,l_max,objective,time,status
30-3-6-a0.1-i1.json,0,0,0,2,7310.0,299.0164749622345,success
30-3-6-a0.1-i1.json,0,0,0,5,7225.0,299.0277941226959,success
30-3-6-a0.1-i1.json,0,0,0,8,7267.0,299.01153230667114,success
30-3-6-a0.1-i1.json,0,0,1,2,7310.0,299.00650691986084,success
30-3-6-a0.1-i1.json,0,0,1,5,7225.0,299.012197971344,success
30-3-6-a0.1-i1.json,0,0,1,8,7267.0,299.0118839740753,success
30-3-6-a0.1-i1.json,1,0,0,2,2007787.0,299.97445154190063,success
30-3-6-a0.1-i1.json,1,0,0,5,2007492.0,299.0115430355072,success
30-3-6-a0.1-i1.json,1,0,0,8,2007264.0,299.08337688446045,success
30-3-6-a0.1-i1.json,1,0,1,2,2007787.0,299.5447154045105,success
30-3-6-a0.1-i1.json,1,0,1,5,2007492.0,299.2590436935425,success
30-3-6-a0.1-i1.json,1,0,1,8,2007264.0,299.0097825527191,success
30-3-7-a10-i1.json,0,0,0,2,6874.0,299.0306761264801,success
30-3-7-a10-i1.json,0,0,0,5,6792.0,299.0075545310974,success
30-3-7-a10-i1.json,0,0,0,8,6776.0,299.023464679718,success
30-3-7-a10-i1.json,0,0,1,2,6874.0,299.0287034511566,success
30-3-7-a10-i1.json,0,0,1,5,6792.0,299.02394437789917,success
30-3-7-a10-i1.json,0,0,1,8,6776.0,299.0037512779236,success
30-3-7-a10-i1.json,1,0,0,2,7473.0,299.01245880126953,success
30-3-7-a10-i1.json,1,0,0,5,7369.0,299.01661920547485,success
30-3-7-a10-i1.json,1,0,0,8,7369.0,299.0060751438141,success
30-3-7-a10-i1.json,1,0,1,2,7473.0,299.0069773197174,success
30-3-7-a10-i1.json,1,0,1,5,7369.0,299.0169129371643,success
30-3-7-a10-i1.json,1,0,1,8,7369.0,299.00407004356384,success
30-3-8-a1-i1.json,0,0,0,2,7275.0,299.0165128707886,success
30-3-8-a1-i1.json,0,0,0,5,7186.0,299.0039904117584,success
30-3-8-a1-i1.json,0,0,0,8,7172.0,299.0191180706024,success
30-3-8-a1-i1.json,0,0,1,2,7275.0,299.02310848236084,success
30-3-8-a1-i1.json,0,0,1,5,7186.0,299.02004051208496,success
30-3-8-a1-i1.json,0,0,1,8,7172.0,299.02832794189453,success
30-3-8-a1-i1.json,1,0,0,2,2007757.0,299.038232088089,success
30-3-8-a1-i1.json,1,0,0,5,2008167.0,299.3623306751251,success
30-3-8-a1-i1.json,1,0,0,8,2006939.0,299.30293011665344,success
30-3-8-a1-i1.json,1,0,1,2,2007757.0,299.02826833724976,success
30-3-8-a1-i1.json,1,0,1,5,2008167.0,299.46998476982117,success
30-3-8-a1-i1.json,1,0,1,8,2006939.0,299.0021426677704,success
30-4-6-a0.1-i3.json,0,0,0,2,6752.0,299.0031785964966,success
30-4-6-a0.1-i3.json,0,0,0,5,6756.0,299.01018810272217,success
30-4-6-a0.1-i3.json,0,0,0,8,6581.0,299.01914405822754,success
30-4-6-a0.1-i3.json,0,0,1,2,6752.0,299.0114691257477,success
30-4-6-a0.1-i3.json,0,0,1,5,6756.0,299.0205888748169,success
30-4-6-a0.1-i3.json,0,0,1,8,6581.0,299.0183072090149,success
30-4-6-a0.1-i3.json,1,0,0,2,2006206.0,299.98714804649353,success
30-4-6-a0.1-i3.json,1,0,0,5,2006206.0,299.0261697769165,success
30-4-6-a0.1-i3.json,1,0,0,8,1007828.0,299.3467950820923,success
30-4-6-a0.1-i3.json,1,0,1,2,2006206.0,299.3950107097626,success
30-4-6-a0.1-i3.json,1,0,1,5,2006206.0,299.01449251174927,success
30-4-6-a0.1-i3.json,1,0,1,8,1007828.0,299.56847620010376,success
30-4-7-a0.1-i3.json,0,0,0,2,6468.0,299.0319058895111,success
30-4-7-a0.1-i3.json,0,0,0,5,6509.0,299.01701045036316,success
30-4-7-a0.1-i3.json,0,0,0,8,6483.0,299.0097563266754,success
30-4-7-a0.1-i3.json,0,0,1,2,6509.0,299.017924785614,success
30-4-7-a0.1-i3.json,0,0,1,5,6509.0,299.01911664009094,success
30-4-7-a0.1-i3.json,0,0,1,8,6483.0,299.02416348457336,success
30-4-7-a0.1-i3.json,1,0,0,2,1006046.0,299.0279743671417,success
30-4-7-a0.1-i3.json,1,0,0,5,1006046.0,299.0255854129791,success
30-4-7-a0.1-i3.json,1,0,0,8,1006046.0,299.0217778682709,success
30-4-7-a0.1-i3.json,1,0,1,2,1006046.0,299.01665449142456,success
30-4-7-a0.1-i3.json,1,0,1,5,1006046.0,299.0257616043091,success
30-4-7-a0.1-i3.json,1,0,1,8,1006046.0,299.0098807811737,success
30-4-8-a100-i1.json,0,0,0,2,6911.0,299.0262928009033,success
30-4-8-a100-i1.json,0,0,0,5,6674.0,299.0275092124939,success
30-4-8-a100-i1.json,0,0,0,8,6911.0,299.0271692276001,success
30-4-8-a100-i1.json,0,0,1,2,6911.0,299.0069773197174,success
30-4-8-a100-i1.json,0,0,1,5,6674.0,299.01310992240906,success
30-4-8-a100-i1.json,0,0,1,8,6911.0,299.0031349658966,success
30-4-8-a100-i1.json,1,0,0,2,5225.0,299.02514386177063,success
30-4-8-a100-i1.json,1,0,0,5,5225.0,299.0241057872772,success
30-4-8-a100-i1.json,1,0,0,8,5225.0,299.0047013759613,success
30-4-8-a100-i1.json,1,0,1,2,5225.0,299.0321865081787,success
30-4-8-a100-i1.json,1,0,1,5,5225.0,299.01238203048706,success
30-4-8-a100-i1.json,1,0,1,8,5225.0,299.0078237056732,success
30-5-6-a0.1-i1.json,0,0,0,2,7256.0,299.0118918418884,success
30-5-6-a0.1-i1.json,0,0,0,5,7101.0,299.02222776412964,success
30-5-6-a0.1-i1.json,0,0,0,8,7277.0,299.02005410194397,success
30-5-6-a0.1-i1.json,0,0,1,2,7256.0,299.01264548301697,success
30-5-6-a0.1-i1.json,0,0,1,5,7101.0,299.0117824077606,success
30-5-6-a0.1-i1.json,0,0,1,8,7277.0,299.0236940383911,success
30-5-6-a0.1-i1.json,1,0,0,2,2006676.0,299.0119376182556,success
30-5-6-a0.1-i1.json,1,0,0,5,2007786.0,299.0314075946808,success
30-5-6-a0.1-i1.json,1,0,0,8,2007273.0,299.0135974884033,success
30-5-6-a0.1-i1.json,1,0,1,2,2006676.0,299.0150508880615,success
30-5-6-a0.1-i1.json,1,0,1,5,2007786.0,299.02090072631836,success
30-5-6-a0.1-i1.json,1,0,1,8,2007273.0,299.0068426132202,success
30-5-7-a1-i1.json,0,0,0,2,7083.0,299.0151755809784,success
30-5-7-a1-i1.json,0,0,0,5,7021.0,299.008172750473,success
30-5-7-a1-i1.json,0,0,0,8,7207.0,299.0131058692932,success
30-5-7-a1-i1.json,0,0,1,2,7083.0,299.0049102306366,success
30-5-7-a1-i1.json,0,0,1,5,7021.0,299.01573157310486,success
30-5-7-a1-i1.json,0,0,1,8,7207.0,299.02299427986145,success
30-5-7-a1-i1.json,1,0,0,2,2007454.0,299.1045217514038,success
30-5-7-a1-i1.json,1,0,0,5,1008574.0,299.42911863327026,success
30-5-7-a1-i1.json,1,0,0,8,2007454.0,299.0213146209717,success
30-5-7-a1-i1.json,1,0,1,2,2007454.0,299.0088891983032,success
30-5-7-a1-i1.json,1,0,1,5,1008574.0,299.0798532962799,success
30-5-7-a1-i1.json,1,0,1,8,2007454.0,299.037478685379,success
30-5-8-a0.1-i3.json,0,0,0,2,6663.0,300.7117762565613,success
30-5-8-a0.1-i3.json,0,0,0,5,6230.0,299.0254416465759,success
30-5-8-a0.1-i3.json,0,0,0,8,6502.0,299.00666904449463,success
30-5-8-a0.1-i3.json,0,0,1,2,6663.0,299.0086588859558,success
30-5-8-a0.1-i3.json,0,0,1,5,6670.0,299.0110466480255,success
30-5-8-a0.1-i3.json,0,0,1,8,6502.0,299.0283558368683,success
30-5-8-a0.1-i3.json,1,0,0,2,1007523.0,299.0348708629608,success
30-5-8-a0.1-i3.json,1,0,0,5,1006998.0,299.0229024887085,success
30-5-8-a0.1-i3.json,1,0,0,8,1006493.0,299.00879096984863,success
30-5-8-a0.1-i3.json,1,0,1,2,1007523.0,299.00275135040283,success
30-5-8-a0.1-i3.json,1,0,1,5,1006998.0,299.02631998062134,success
30-5-8-a0.1-i3.json,1,0,1,8,1006493.0,299.0203080177307,success
50-3-6-a1-i3.json,0,0,0,2,12285.0,299.0586643218994,success
50-3-6-a1-i3.json,0,0,0,5,12447.0,299.0187404155731,success
50-3-6-a1-i3.json,0,0,0,8,12646.0,299.00827741622925,success
50-3-6-a1-i3.json,0,0,1,2,12285.0,299.00995898246765,success
50-3-6-a1-i3.json,0,0,1,5,12447.0,299.0191626548767,success
50-3-6-a1-i3.json,0,0,1,8,12646.0,299.0360429286957,success
50-3-6-a1-i3.json,1,0,0,2,2015178.0,299.28546380996704,success
50-3-6-a1-i3.json,1,0,0,5,3009336.0,299.0122261047363,success
50-3-6-a1-i3.json,1,0,0,8,3009336.0,299.52296686172485,success
50-3-6-a1-i3.json,1,0,1,2,2015178.0,299.5357587337494,success
50-3-6-a1-i3.json,1,0,1,5,3009336.0,299.54225969314575,success
50-3-6-a1-i3.json,1,0,1,8,3009336.0,299.53916788101196,success
50-3-7-a100-i1.json,0,0,0,2,10868.0,299.0263047218323,success
50-3-7-a100-i1.json,0,0,0,5,11008.0,299.0386869907379,success
50-3-7-a100-i1.json,0,0,0,8,10370.0,299.0376753807068,success
50-3-7-a100-i1.json,0,0,1,2,10868.0,299.0175654888153,success
50-3-7-a100-i1.json,0,0,1,5,11008.0,299.03363251686096,success
50-3-7-a100-i1.json,0,0,1,8,10370.0,299.0241301059723,success
50-3-7-a100-i1.json,1,0,0,2,8365.0,300.02987813949585,success
50-3-7-a100-i1.json,1,0,0,5,8365.0,299.0368790626526,success
50-3-7-a100-i1.json,1,0,0,8,8365.0,299.46320939064026,success
50-3-7-a100-i1.json,1,0,1,2,8365.0,299.3112082481384,success
50-3-7-a100-i1.json,1,0,1,5,8365.0,299.1433753967285,success
50-3-7-a100-i1.json,1,0,1,8,8365.0,299.0413851737976,success
50-3-8-a100-i3.json,0,0,0,2,12099.0,299.0190634727478,success
50-3-8-a100-i3.json,0,0,0,5,12408.0,299.01406717300415,success
50-3-8-a100-i3.json,0,0,0,8,12332.0,299.0062255859375,success
50-3-8-a100-i3.json,0,0,1,2,12099.0,299.00367760658264,success
50-3-8-a100-i3.json,0,0,1,5,12408.0,299.0129437446594,success
50-3-8-a100-i3.json,0,0,1,8,12332.0,299.0271499156952,success
50-3-8-a100-i3.json,1,0,0,2,9755.0,299.16159439086914,success
50-3-8-a100-i3.json,1,0,0,5,9755.0,299.9086060523987,success
50-3-8-a100-i3.json,1,0,0,8,9755.0,299.7405586242676,success
50-3-8-a100-i3.json,1,0,1,2,9755.0,299.4104154109955,success
50-3-8-a100-i3.json,1,0,1,5,9755.0,299.4708125591278,success
50-3-8-a100-i3.json,1,0,1,8,9755.0,299.3104133605957,success
50-4-6-a10-i1.json,0,0,0,2,10630.0,299.0351469516754,success
50-4-6-a10-i1.json,0,0,0,5,10859.0,299.0193431377411,success
50-4-6-a10-i1.json,0,0,0,8,10842.0,299.0148913860321,success
50-4-6-a10-i1.json,0,0,1,2,10630.0,299.0158472061157,success
50-4-6-a10-i1.json,0,0,1,5,10859.0,299.00307035446167,success
50-4-6-a10-i1.json,0,0,1,8,10842.0,299.0239508152008,success
50-4-6-a10-i1.json,1,0,0,2,1012603.0,299.03726983070374,success
50-4-6-a10-i1.json,1,0,0,5,1013006.0,299.2560667991638,success
50-4-6-a10-i1.json,1,0,0,8,1011754.0,299.74194288253784,success
50-4-6-a10-i1.json,1,0,1,2,1012603.0,299.1847245693207,success
50-4-6-a10-i1.json,1,0,1,5,1013006.0,299.6919252872467,success
50-4-6-a10-i1.json,1,0,1,8,1011754.0,299.41395020484924,success
50-4-7-a1-i3.json,0,0,0,2,12323.0,299.013130903244,success
50-4-7-a1-i3.json,0,0,0,5,12620.0,299.01266956329346,success
50-4-7-a1-i3.json,0,0,0,8,12466.0,299.02281069755554,success
50-4-7-a1-i3.json,0,0,1,2,12323.0,299.035117149353,success
50-4-7-a1-i3.json,0,0,1,5,12620.0,299.00971841812134,success
50-4-7-a1-i3.json,0,0,1,8,12466.0,299.0116534233093,success
50-4-7-a1-i3.json,1,0,0,2,4009073.0,299.74727034568787,success
50-4-7-a1-i3.json,1,0,0,5,4009073.0,299.54448533058167,success
50-4-7-a1-i3.json,1,0,0,8,4009073.0,299.92702436447144,success
50-4-7-a1-i3.json,1,0,1,2,4009073.0,299.18251395225525,success
50-4-7-a1-i3.json,1,0,1,5,4009073.0,299.2861850261688,success
50-4-7-a1-i3.json,1,0,1,8,4009073.0,299.8990738391876,success
50-4-8-a100-i2.json,0,0,0,2,12179.0,299.0102684497833,success
50-4-8-a100-i2.json,0,0,0,5,11190.0,299.0301249027252,success
50-4-8-a100-i2.json,0,0,0,8,12328.0,299.0070104598999,success
50-4-8-a100-i2.json,0,0,1,2,12179.0,299.00225949287415,success
50-4-8-a100-i2.json,0,0,1,5,11190.0,299.00654315948486,success
50-4-8-a100-i2.json,0,0,1,8,12328.0,299.0018141269684,success
50-4-8-a100-i2.json,1,0,0,2,12597.0,299.5346145629883,success
50-4-8-a100-i2.json,1,0,0,5,12597.0,299.0138862133026,success
50-4-8-a100-i2.json,1,0,0,8,12597.0,299.92893981933594,success
50-4-8-a100-i2.json,1,0,1,2,12597.0,299.4424510002136,success
50-4-8-a100-i2.json,1,0,1,5,12597.0,299.0254786014557,success
50-4-8-a100-i2.json,1,0,1,8,12597.0,302.47676825523376,success
50-5-6-a10-i1.json,0,0,0,2,11052.0,299.0021698474884,success
50-5-6-a10-i1.json,0,0,0,5,10549.0,300.12960147857666,success
50-5-6-a10-i1.json,0,0,0,8,10549.0,299.01679277420044,success
50-5-6-a10-i1.json,0,0,1,2,11052.0,299.0218915939331,success
50-5-6-a10-i1.json,0,0,1,5,10549.0,299.01635575294495,success
50-5-6-a10-i1.json,0,0,1,8,10549.0,299.0209844112396,success
50-5-6-a10-i1.json,1,0,0,2,1011722.0,299.7196526527405,success
50-5-6-a10-i1.json,1,0,0,5,1012995.0,299.02266788482666,success
50-5-6-a10-i1.json,1,0,0,8,1013571.0,299.00980138778687,success
50-5-6-a10-i1.json,1,0,1,2,1011722.0,299.11506271362305,success
50-5-6-a10-i1.json,1,0,1,5,1012995.0,299.00622963905334,success
50-5-6-a10-i1.json,1,0,1,8,1013571.0,299.24847650527954,success
50-5-7-a1-i2.json,0,0,0,2,12079.0,299.0105700492859,success
50-5-7-a1-i2.json,0,0,0,5,12135.0,299.0238699913025,success
50-5-7-a1-i2.json,0,0,0,8,12047.0,299.0126483440399,success
50-5-7-a1-i2.json,0,0,1,2,12079.0,299.0272419452667,success
50-5-7-a1-i2.json,0,0,1,5,12135.0,299.02149176597595,success
50-5-7-a1-i2.json,0,0,1,8,12047.0,299.0189037322998,success
50-5-7-a1-i2.json,1,0,0,2,3012390.0,299.0061891078949,success
50-5-7-a1-i2.json,1,0,0,5,3014054.0,299.0286946296692,success
50-5-7-a1-i2.json,1,0,0,8,4011190.0,302.0167727470398,success
50-5-7-a1-i2.json,1,0,1,2,3012390.0,299.3725049495697,success
50-5-7-a1-i2.json,1,0,1,5,3014054.0,299.04367852211,success
50-5-7-a1-i2.json,1,0,1,8,4011190.0,299.00852394104004,success
50-5-8-a0.1-i1.json,0,0,0,2,10882.0,299.02153635025024,success
50-5-8-a0.1-i1.json,0,0,0,5,10963.0,299.03272342681885,success
50-5-8-a0.1-i1.json,0,0,0,8,11184.0,299.01981377601624,success
50-5-8-a0.1-i1.json,0,0,1,2,10882.0,299.0147943496704,success
50-5-8-a0.1-i1.json,0,0,1,5,10963.0,299.013099193573,success
50-5-8-a0.1-i1.json,0,0,1,8,11184.0,299.0366725921631,success
50-5-8-a0.1-i1.json,1,0,0,2,2012775.0,299.2457284927368,success
50-5-8-a0.1-i1.json,1,0,0,5,2012775.0,299.6257417201996,success
50-5-8-a0.1-i1.json,1,0,0,8,2012775.0,299.2598752975464,success
50-5-8-a0.1-i1.json,1,0,1,2,2012775.0,299.02082896232605,success
50-5-8-a0.1-i1.json,1,0,1,5,2012775.0,299.0215365886688,success
50-5-8-a0.1-i1.json,1,0,1,8,2012775.0,299.95011138916016,success
70-3-6-a100-i1.json,0,0,0,2,16476.0,299.0301673412323,success
70-3-6-a100-i1.json,0,0,0,5,16476.0,299.0026812553406,success
70-3-6-a100-i1.json,0,0,0,8,15862.0,299.05786776542664,success
70-3-6-a100-i1.json,0,0,1,2,16476.0,299.0022683143616,success
70-3-6-a100-i1.json,0,0,1,5,16476.0,299.016649723053,success
70-3-6-a100-i1.json,0,0,1,8,15862.0,299.0219955444336,success
70-3-6-a100-i1.json,1,0,0,2,11901.0,304.18305253982544,success
70-3-6-a100-i1.json,1,0,0,5,11901.0,299.35766315460205,success
70-3-6-a100-i1.json,1,0,0,8,11901.0,299.3545734882355,success
70-3-6-a100-i1.json,1,0,1,2,11901.0,299.6362283229828,success
70-3-6-a100-i1.json,1,0,1,5,11901.0,299.4845860004425,success
70-3-6-a100-i1.json,1,0,1,8,11901.0,299.4919984340668,success
70-3-7-a10-i2.json,0,0,0,2,16832.0,299.02503633499146,success
70-3-7-a10-i2.json,0,0,0,5,16842.0,299.0372140407562,success
70-3-7-a10-i2.json,0,0,0,8,16526.0,299.00241231918335,success
70-3-7-a10-i2.json,0,0,1,2,16832.0,299.0271077156067,success
70-3-7-a10-i2.json,0,0,1,5,16842.0,299.0064766407013,success
70-3-7-a10-i2.json,0,0,1,8,16526.0,299.1695008277893,success
70-3-7-a10-i2.json,1,0,0,2,2012161.0,299.070654630661,success
70-3-7-a10-i2.json,1,0,0,5,2012161.0,299.379909992218,success
70-3-7-a10-i2.json,1,0,0,8,2012161.0,299.89298248291016,success
70-3-7-a10-i2.json,1,0,1,2,2012161.0,299.1838872432709,success
70-3-7-a10-i2.json,1,0,1,5,2012161.0,299.812203168869,success
70-3-7-a10-i2.json,1,0,1,8,2012161.0,299.5028803348541,success
70-3-8-a10-i1.json,0,0,0,2,16276.0,299.0320289134979,success
70-3-8-a10-i1.json,0,0,0,5,16770.0,299.0241131782532,success
70-3-8-a10-i1.json,0,0,0,8,16756.0,299.40193605422974,success
70-3-8-a10-i1.json,0,0,1,2,16276.0,299.03188467025757,success
70-3-8-a10-i1.json,0,0,1,5,16770.0,299.01133823394775,success
70-3-8-a10-i1.json,0,0,1,8,16756.0,299.02835035324097,success
70-3-8-a10-i1.json,1,0,0,2,3012740.0,299.1280188560486,success
70-3-8-a10-i1.json,1,0,0,5,3012740.0,299.5457282066345,success
70-3-8-a10-i1.json,1,0,0,8,3012740.0,300.0529775619507,success
70-3-8-a10-i1.json,1,0,1,2,3012740.0,299.7570888996124,success
70-3-8-a10-i1.json,1,0,1,5,3012740.0,299.10849618911743,success
70-3-8-a10-i1.json,1,0,1,8,3012740.0,299.6880393028259,success
70-4-6-a100-i3.json,0,0,0,2,16673.0,299.03557872772217,success
70-4-6-a100-i3.json,0,0,0,5,16886.0,299.0336265563965,success
70-4-6-a100-i3.json,0,0,0,8,17082.0,299.0062470436096,success
70-4-6-a100-i3.json,0,0,1,2,16673.0,299.01332354545593,success
70-4-6-a100-i3.json,0,0,1,5,16886.0,299.0237364768982,success
70-4-6-a100-i3.json,0,0,1,8,17082.0,299.0031352043152,success
70-4-6-a100-i3.json,1,0,0,2,11562.0,299.33408761024475,success
70-4-6-a100-i3.json,1,0,0,5,11562.0,299.8044013977051,success
70-4-6-a100-i3.json,1,0,0,8,11562.0,299.8103814125061,success
70-4-6-a100-i3.json,1,0,1,2,11562.0,300.0548346042633,success
70-4-6-a100-i3.json,1,0,1,5,11562.0,299.72890520095825,success
70-4-6-a100-i3.json,1,0,1,8,11562.0,300.0246889591217,success
70-4-7-a0.1-i2.json,0,0,0,2,17341.0,299.02597165107727,success
70-4-7-a0.1-i2.json,0,0,0,5,17371.0,299.0330970287323,success
70-4-7-a0.1-i2.json,0,0,0,8,17398.0,299.0355770587921,success
70-4-7-a0.1-i2.json,0,0,1,2,17341.0,299.0222725868225,success
70-4-7-a0.1-i2.json,0,0,1,5,17371.0,299.0222568511963,success
70-4-7-a0.1-i2.json,0,0,1,8,17398.0,299.0223300457001,success
70-4-7-a0.1-i2.json,1,0,0,2,4011235.0,299.1779475212097,success
70-4-7-a0.1-i2.json,1,0,0,5,4011235.0,299.6572699546814,success
70-4-7-a0.1-i2.json,1,0,0,8,4011235.0,299.34315037727356,success
70-4-7-a0.1-i2.json,1,0,1,2,4011235.0,299.8655278682709,success
70-4-7-a0.1-i2.json,1,0,1,5,4011235.0,299.00230884552,success
70-4-7-a0.1-i2.json,1,0,1,8,4011235.0,299.0175802707672,success
70-4-8-a0.1-i3.json,0,0,0,2,17208.0,299.0288393497467,success
70-4-8-a0.1-i3.json,0,0,0,5,17565.0,299.0085537433624,success
70-4-8-a0.1-i3.json,0,0,0,8,17565.0,299.02148509025574,success
70-4-8-a0.1-i3.json,0,0,1,2,17208.0,299.04621934890747,success
70-4-8-a0.1-i3.json,0,0,1,5,17565.0,299.00864934921265,success
70-4-8-a0.1-i3.json,0,0,1,8,17565.0,299.02660751342773,success
70-4-8-a0.1-i3.json,1,0,0,2,3011841.0,299.88692569732666,success
70-4-8-a0.1-i3.json,1,0,0,5,3011841.0,299.45490193367004,success
70-4-8-a0.1-i3.json,1,0,0,8,3011841.0,299.6854815483093,success
70-4-8-a0.1-i3.json,1,0,1,2,3011841.0,299.3670086860657,success
70-4-8-a0.1-i3.json,1,0,1,5,3011841.0,299.82372975349426,success
70-4-8-a0.1-i3.json,1,0,1,8,3011841.0,299.4233694076538,success
70-5-6-a10-i3.json,0,0,0,2,16676.0,299.0381805896759,success
70-5-6-a10-i3.json,0,0,0,5,17098.0,299.037561416626,success
70-5-6-a10-i3.json,0,0,0,8,17098.0,299.03754234313965,success
70-5-6-a10-i3.json,0,0,1,2,16676.0,299.04141545295715,success
70-5-6-a10-i3.json,0,0,1,5,17098.0,299.0049502849579,success
70-5-6-a10-i3.json,0,0,1,8,17098.0,299.03249311447144,success
70-5-6-a10-i3.json,1,0,0,2,2017595.0,299.6251974105835,success
70-5-6-a10-i3.json,1,0,0,5,2017595.0,299.0421133041382,success
70-5-6-a10-i3.json,1,0,0,8,2017595.0,299.0492482185364,success
70-5-6-a10-i3.json,1,0,1,2,2017595.0,299.44964838027954,success
70-5-6-a10-i3.json,1,0,1,5,2017595.0,299.7754909992218,success
70-5-6-a10-i3.json,1,0,1,8,2017595.0,299.7412438392639,success
70-5-7-a10-i3.json,0,0,0,2,16682.0,299.02065992355347,success
70-5-7-a10-i3.json,0,0,0,5,16682.0,299.0025317668915,success
70-5-7-a10-i3.json,0,0,0,8,16682.0,299.02050733566284,success
70-5-7-a10-i3.json,0,0,1,2,16682.0,299.0105576515198,success
70-5-7-a10-i3.json,0,0,1,5,16682.0,299.00804448127747,success
70-5-7-a10-i3.json,0,0,1,8,16682.0,299.0253734588623,success
70-5-7-a10-i3.json,1,0,0,2,2011653.0,299.50525069236755,success
70-5-7-a10-i3.json,1,0,0,5,2011653.0,299.9613182544708,success
70-5-7-a10-i3.json,1,0,0,8,2011653.0,299.10257935523987,success
70-5-7-a10-i3.json,1,0,1,2,2011653.0,299.5375175476074,success
70-5-7-a10-i3.json,1,0,1,5,2011653.0,299.0236916542053,success
70-5-7-a10-i3.json,1,0,1,8,2011653.0,299.6278281211853,success
70-5-8-a1-i3.json,0,0,0,2,16890.0,299.0196123123169,success
70-5-8-a1-i3.json,0,0,0,5,16753.0,299.02129077911377,success
70-5-8-a1-i3.json,0,0,0,8,17192.0,299.0089852809906,success
70-5-8-a1-i3.json,0,0,1,2,16890.0,299.0563066005707,success
70-5-8-a1-i3.json,0,0,1,5,17192.0,299.0134046077728,success
70-5-8-a1-i3.json,0,0,1,8,17192.0,299.03645849227905,success
70-5-8-a1-i3.json,1,0,0,2,4011425.0,299.0287411212921,success
70-5-8-a1-i3.json,1,0,0,5,4011425.0,299.6860828399658,success
70-5-8-a1-i3.json,1,0,0,8,4011425.0,299.2299292087555,success
70-5-8-a1-i3.json,1,0,1,2,4011425.0,299.1746745109558,success
70-5-8-a1-i3.json,1,0,1,5,4011425.0,299.470978975296,success
70-5-8-a1-i3.json,1,0,1,8,4011425.0,299.14902997016907,success
