instance,N_whale,a_decay,b,objective,time,status
30-3-6-a0.1-i1.json,30,linear,1.0,7960.0,299.1127233505249,success
30-3-6-a0.1-i1.json,30,linear,1.5,7837.0,299.1221158504486,success
30-3-6-a0.1-i1.json,30,sqrt,1.0,7837.0,299.71881437301636,success
30-3-6-a0.1-i1.json,30,sqrt,1.5,7837.0,299.72261214256287,success
30-3-6-a0.1-i1.json,50,linear,1.0,7960.0,299.65696907043457,success
30-3-6-a0.1-i1.json,50,linear,1.5,7960.0,299.4958794116974,success
30-3-6-a0.1-i1.json,50,sqrt,1.0,7960.0,299.6400592327118,success
30-3-6-a0.1-i1.json,50,sqrt,1.5,7960.0,299.8714654445648,success
30-3-6-a0.1-i1.json,80,linear,1.0,7960.0,299.2797620296478,success
30-3-6-a0.1-i1.json,80,linear,1.5,7960.0,299.5304787158966,success
30-3-6-a0.1-i1.json,80,sqrt,1.0,7960.0,299.0423185825348,success
30-3-6-a0.1-i1.json,80,sqrt,1.5,7960.0,299.45035696029663,success
30-3-7-a10-i1.json,30,linear,1.0,7397.0,299.0330309867859,success
30-3-7-a10-i1.json,30,linear,1.5,7369.0,299.0402338504791,success
30-3-7-a10-i1.json,30,sqrt,1.0,7301.0,299.221960067749,success
30-3-7-a10-i1.json,30,sqrt,1.5,7462.0,299.6133141517639,success
30-3-7-a10-i1.json,50,linear,1.0,7289.0,299.02712297439575,success
30-3-7-a10-i1.json,50,linear,1.5,7378.0,299.00386595726013,success
30-3-7-a10-i1.json,50,sqrt,1.0,7431.0,299.0204212665558,success
30-3-7-a10-i1.json,50,sqrt,1.5,7213.0,299.52517008781433,success
30-3-7-a10-i1.json,80,linear,1.0,7448.0,299.7312924861908,success
30-3-7-a10-i1.json,80,linear,1.5,7479.0,299.78202652931213,success
30-3-7-a10-i1.json,80,sqrt,1.0,7213.0,299.03196692466736,success
30-3-7-a10-i1.json,80,sqrt,1.5,7564.0,299.14857935905457,success
30-3-8-a1-i1.json,30,linear,1.0,7960.0,299.14443707466125,success
30-3-8-a1-i1.json,30,linear,1.5,7960.0,299.6565384864807,success
30-3-8-a1-i1.json,30,sqrt,1.0,7960.0,299.8231518268585,success
30-3-8-a1-i1.json,30,sqrt,1.5,7718.0,299.9334571361542,success
30-3-8-a1-i1.json,50,linear,1.0,7960.0,299.7967233657837,success
30-3-8-a1-i1.json,50,linear,1.5,7960.0,299.6645550727844,success
30-3-8-a1-i1.json,50,sqrt,1.0,7960.0,299.11243295669556,success
30-3-8-a1-i1.json,50,sqrt,1.5,7960.0,299.01494240760803,success
30-3-8-a1-i1.json,80,linear,1.0,7960.0,299.07892990112305,success
30-3-8-a1-i1.json,80,linear,1.5,7960.0,299.8726809024811,success
30-3-8-a1-i1.json,80,sqrt,1.0,7960.0,299.9784824848175,success
30-3-8-a1-i1.json,80,sqrt,1.5,7960.0,299.20317578315735,success
30-4-6-a0.1-i3.json,30,linear,1.0,7190.0,299.0092706680298,success
30-4-6-a0.1-i3.json,30,linear,1.5,7344.0,299.798956155777,success
30-4-6-a0.1-i3.json,30,sqrt,1.0,7018.0,299.03506875038147,success
30-4-6-a0.1-i3.json,30,sqrt,1.5,7101.0,299.0250964164734,success
30-4-6-a0.1-i3.json,50,linear,1.0,7344.0,299.08720779418945,success
30-4-6-a0.1-i3.json,50,linear,1.5,7338.0,300.00359869003296,success
30-4-6-a0.1-i3.json,50,sqrt,1.0,7435.0,299.03311920166016,success
30-4-6-a0.1-i3.json,50,sqrt,1.5,7344.0,299.02820563316345,success
30-4-6-a0.1-i3.json,80,linear,1.0,7478.0,299.3936131000519,success
30-4-6-a0.1-i3.json,80,linear,1.5,7417.0,299.1320867538452,success
30-4-6-a0.1-i3.json,80,sqrt,1.0,7435.0,299.27906489372253,success
30-4-6-a0.1-i3.json,80,sqrt,1.5,7061.0,299.4641373157501,success
30-4-7-a0.1-i3.json,30,linear,1.0,7453.0,299.4049050807953,success
30-4-7-a0.1-i3.json,30,linear,1.5,7350.0,299.0400040149689,success
30-4-7-a0.1-i3.json,30,sqrt,1.0,7091.0,299.0324959754944,success
30-4-7-a0.1-i3.json,30,sqrt,1.5,7660.0,299.2912242412567,success
30-4-7-a0.1-i3.json,50,linear,1.0,7593.0,299.15238761901855,success
30-4-7-a0.1-i3.json,50,linear,1.5,7660.0,299.8843421936035,success
30-4-7-a0.1-i3.json,50,sqrt,1.0,7660.0,299.7853264808655,success
30-4-7-a0.1-i3.json,50,sqrt,1.5,7300.0,299.0365221500397,success
30-4-7-a0.1-i3.json,80,linear,1.0,7631.0,299.87013936042786,success
30-4-7-a0.1-i3.json,80,linear,1.5,7660.0,299.2928035259247,success
30-4-7-a0.1-i3.json,80,sqrt,1.0,7660.0,299.5498323440552,success
30-4-7-a0.1-i3.json,80,sqrt,1.5,7660.0,299.28879261016846,success
30-4-8-a100-i1.json,30,linear,1.0,7870.0,299.7502830028534,success
30-4-8-a100-i1.json,30,linear,1.5,7870.0,300.04938983917236,success
30-4-8-a100-i1.json,30,sqrt,1.0,7930.0,299.10865807533264,success
30-4-8-a100-i1.json,30,sqrt,1.5,7930.0,299.4080467224121,success
30-4-8-a100-i1.json,50,linear,1.0,7930.0,299.50617003440857,success
30-4-8-a100-i1.json,50,linear,1.5,7930.0,300.0688850879669,success
30-4-8-a100-i1.json,50,sqrt,1.0,7930.0,299.547465801239,success
30-4-8-a100-i1.json,50,sqrt,1.5,7930.0,299.9398994445801,success
30-4-8-a100-i1.json,80,linear,1.0,7930.0,299.6479630470276,success
30-4-8-a100-i1.json,80,linear,1.5,7930.0,299.48553442955017,success
30-4-8-a100-i1.json,80,sqrt,1.0,7448.0,299.3357753753662,success
30-4-8-a100-i1.json,80,sqrt,1.5,7365.0,299.1246168613434,success
30-5-6-a0.1-i1.json,30,linear,1.0,7839.0,299.23446555347648,success
30-5-6-a0.1-i1.json,30,linear,1.5,7791.0,299.03027749061584,success
30-5-6-a0.1-i1.json,30,sqrt,1.0,7718.0,299.00485014915466,success
30-5-6-a0.1-i1.json,30,sqrt,1.5,7748.0,299.0430166721344,success
30-5-6-a0.1-i1.json,50,linear,1.0,7783.0,299.0328357219696,success
30-5-6-a0.1-i1.json,50,linear,1.5,7791.0,299.48030495643616,success
30-5-6-a0.1-i1.json,50,sqrt,1.0,7783.0,299.0318841934204,success
30-5-6-a0.1-i1.json,50,sqrt,1.5,7623.0,299.15362548828125,success
30-5-6-a0.1-i1.json,80,linear,1.0,7990.0,299.2982358932495,success
30-5-6-a0.1-i1.json,80,linear,1.5,7990.0,299.1212592124939,success
30-5-6-a0.1-i1.json,80,sqrt,1.0,7783.0,299.7325711250305,success
30-5-6-a0.1-i1.json,80,sqrt,1.5,7783.0,299.7292990684509,success
30-5-7-a1-i1.json,30,linear,1.0,7728.0,299.4349296092987,success
30-5-7-a1-i1.json,30,linear,1.5,7719.0,299.7339885234833,success
30-5-7-a1-i1.json,30,sqrt,1.0,7587.0,299.0247714519501,success
30-5-7-a1-i1.json,30,sqrt,1.5,7587.0,299.0164396762848,success
30-5-7-a1-i1.json,50,linear,1.0,7719.0,299.02654457092285,success
30-5-7-a1-i1.json,50,linear,1.5,7946.0,299.50680470466614,success
30-5-7-a1-i1.json,50,sqrt,1.0,7909.0,299.98268270492554,success
30-5-7-a1-i1.json,50,sqrt,1.5,7634.0,299.00992727279663,success
30-5-7-a1-i1.json,80,linear,1.0,7871.0,299.3296945095062,success
30-5-7-a1-i1.json,80,linear,1.5,8050.0,299.5455708503723,success
30-5-7-a1-i1.json,80,sqrt,1.0,8050.0,299.1979134082794,success
30-5-7-a1-i1.json,80,sqrt,1.5,8050.0,299.08782148361206,success
30-5-8-a0.1-i3.json,30,linear,1.0,7490.0,299.8542101383209,success
30-5-8-a0.1-i3.json,30,linear,1.5,7490.0,299.23889207839966,success
30-5-8-a0.1-i3.json,30,sqrt,1.0,7194.0,299.53318428993225,success
30-5-8-a0.1-i3.json,30,sqrt,1.5,7194.0,299.46230363845825,success
30-5-8-a0.1-i3.json,50,linear,1.0,7490.0,299.26565766334534,success
30-5-8-a0.1-i3.json,50,linear,1.5,7490.0,299.2224371433258,success
30-5-8-a0.1-i3.json,50,sqrt,1.0,7490.0,299.6276378631592,success
30-5-8-a0.1-i3.json,50,sqrt,1.5,7490.0,299.830988407135,success
30-5-8-a0.1-i3.json,80,linear,1.0,7490.0,299.24291944503784,success
30-5-8-a0.1-i3.json,80,linear,1.5,7490.0,300.0002064704895,success
30-5-8-a0.1-i3.json,80,sqrt,1.0,7490.0,299.0840926170349,success
30-5-8-a0.1-i3.json,80,sqrt,1.5,7490.0,299.94188237190247,success
50-3-6-a1-i3.json,30,linear,1.0,13226.0,299.0952875614166,success
50-3-6-a1-i3.json,30,linear,1.5,13325.0,299.13821363449097,success
50-3-6-a1-i3.json,30,sqrt,1.0,13141.0,299.02979135513306,success
50-3-6-a1-i3.json,30,sqrt,1.5,12907.0,299.059547662735,success
50-3-6-a1-i3.json,50,linear,1.0,13335.0,299.0115177631378,success
50-3-6-a1-i3.json,50,linear,1.5,13220.0,299.02586340904236,success
50-3-6-a1-i3.json,50,sqrt,1.0,13460.0,299.1478319168091,success
50-3-6-a1-i3.json,50,sqrt,1.5,12986.0,299.0206482410431,success
50-3-6-a1-i3.json,80,linear,1.0,13460.0,299.6292173862457,success
50-3-6-a1-i3.json,80,linear,1.5,13460.0,299.05839371681213,success
50-3-6-a1-i3.json,80,sqrt,1.0,13460.0,299.31057929992676,success
50-3-6-a1-i3.json,80,sqrt,1.5,13460.0,299.2613492012024,success
50-3-7-a100-i1.json,30,linear,1.0,11830.0,299.7472496032715,success
50-3-7-a100-i1.json,30,linear,1.5,11830.0,299.4534397125244,success
50-3-7-a100-i1.json,30,sqrt,1.0,11830.0,299.19297552108765,success
50-3-7-a100-i1.json,30,sqrt,1.5,11830.0,299.43644165992737,success
50-3-7-a100-i1.json,50,linear,1.0,11830.0,299.22499680519104,success
50-3-7-a100-i1.json,50,linear,1.5,11830.0,299.53314304351807,success
50-3-7-a100-i1.json,50,sqrt,1.0,11830.0,299.4244863986969,success
50-3-7-a100-i1.json,50,sqrt,1.5,11830.0,299.4579179286957,success
50-3-7-a100-i1.json,80,linear,1.0,11830.0,299.798832654953,success
50-3-7-a100-i1.json,80,linear,1.5,11830.0,299.52680373191833,success
50-3-7-a100-i1.json,80,sqrt,1.0,11830.0,299.111111164093,success
50-3-7-a100-i1.json,80,sqrt,1.5,11830.0,299.1419463157654,success
50-3-8-a100-i3.json,30,linear,1.0,13460.0,299.95767521858215,success
50-3-8-a100-i3.json,30,linear,1.5,13460.0,299.7629587650299,success
50-3-8-a100-i3.json,30,sqrt,1.0,13460.0,299.91082406044006,success
50-3-8-a100-i3.json,30,sqrt,1.5,13460.0,299.9697868824005,success
50-3-8-a100-i3.json,50,linear,1.0,13460.0,299.9540913105011,success
50-3-8-a100-i3.json,50,linear,1.5,13460.0,299.2994170188904,success
50-3-8-a100-i3.json,50,sqrt,1.0,13460.0,299.8522279262543,success
50-3-8-a100-i3.json,50,sqrt,1.5,13460.0,299.3763303756714,success
50-3-8-a100-i3.json,80,linear,1.0,13460.0,299.63618063926697,success
50-3-8-a100-i3.json,80,linear,1.5,13460.0,299.61073422431946,success
50-3-8-a100-i3.json,80,sqrt,1.0,13460.0,299.64144349098206,success
50-3-8-a100-i3.json,80,sqrt,1.5,13460.0,299.0260446071625,success
50-4-6-a10-i1.json,30,linear,1.0,11660.0,299.87958884239197,success
50-4-6-a10-i1.json,30,linear,1.5,11645.0,299.4736487865448,success
50-4-6-a10-i1.json,30,sqrt,1.0,11645.0,299.58644914627075,success
50-4-6-a10-i1.json,30,sqrt,1.5,11660.0,299.1344630718231,success
50-4-6-a10-i1.json,50,linear,1.0,11660.0,299.106290102005,success
50-4-6-a10-i1.json,50,linear,1.5,11660.0,299.9095253944397,success
50-4-6-a10-i1.json,50,sqrt,1.0,11660.0,299.4125232696533,success
50-4-6-a10-i1.json,50,sqrt,1.5,11660.0,299.10740184783936,success
50-4-6-a10-i1.json,80,linear,1.0,11660.0,299.32022523880005,success
50-4-6-a10-i1.json,80,linear,1.5,11660.0,299.46819019317627,success
50-4-6-a10-i1.json,80,sqrt,1.0,11660.0,299.320796251297,success
50-4-6-a10-i1.json,80,sqrt,1.5,11660.0,299.31126070022583,success
50-4-7-a1-i3.json,30,linear,1.0,13300.0,299.1515016555786,success
50-4-7-a1-i3.json,30,linear,1.5,13300.0,299.83930826187134,success
50-4-7-a1-i3.json,30,sqrt,1.0,13300.0,299.46877813339233,success
50-4-7-a1-i3.json,30,sqrt,1.5,13300.0,299.4417402744293,success
50-4-7-a1-i3.json,50,linear,1.0,13300.0,299.8679549694061,success
50-4-7-a1-i3.json,50,linear,1.5,13300.0,299.71021270751953,success
50-4-7-a1-i3.json,50,sqrt,1.0,13300.0,299.6109371185303,success
50-4-7-a1-i3.json,50,sqrt,1.5,13300.0,299.01637268066406,success
50-4-7-a1-i3.json,80,linear,1.0,13300.0,299.953999042511,success
50-4-7-a1-i3.json,80,linear,1.5,13300.0,299.4952058792114,success
50-4-7-a1-i3.json,80,sqrt,1.0,13300.0,299.43779706954956,success
50-4-7-a1-i3.json,80,sqrt,1.5,13300.0,299.4237742424011,success
50-4-8-a100-i2.json,30,linear,1.0,13250.0,299.307270526886,success
50-4-8-a100-i2.json,30,linear,1.5,13250.0,299.4416677951813,success
50-4-8-a100-i2.json,30,sqrt,1.0,13250.0,299.3800938129425,success
50-4-8-a100-i2.json,30,sqrt,1.5,13250.0,299.617445230484,success
50-4-8-a100-i2.json,50,linear,1.0,13250.0,299.190776348114,success
50-4-8-a100-i2.json,50,linear,1.5,13250.0,299.72343945503235,success
50-4-8-a100-i2.json,50,sqrt,1.0,13250.0,299.1984782218933,success
50-4-8-a100-i2.json,50,sqrt,1.5,13250.0,299.76634669303894,success
50-4-8-a100-i2.json,80,linear,1.0,13250.0,299.9474267959595,success
50-4-8-a100-i2.json,80,linear,1.5,13250.0,300.057963848114,success
50-4-8-a100-i2.json,80,sqrt,1.0,13250.0,299.39098715782166,success
50-4-8-a100-i2.json,80,sqrt,1.5,13250.0,299.17256689071655,success
50-5-6-a10-i1.json,30,linear,1.0,11417.0,299.3218472003937,success
50-5-6-a10-i1.json,30,linear,1.5,11490.0,299.1395926475525,success
50-5-6-a10-i1.json,30,sqrt,1.0,11407.0,299.8998603820801,success
50-5-6-a10-i1.json,30,sqrt,1.5,11309.0,300.03240394592285,success
50-5-6-a10-i1.json,50,linear,1.0,11383.0,299.03151535987854,success
50-5-6-a10-i1.json,50,linear,1.5,11503.0,299.00626850128174,success
50-5-6-a10-i1.json,50,sqrt,1.0,11066.0,299.0213267803192,success
50-5-6-a10-i1.json,50,sqrt,1.5,11066.0,299.0439808368683,success
50-5-6-a10-i1.json,80,linear,1.0,11529.0,299.04017639160156,success
50-5-6-a10-i1.json,80,linear,1.5,11529.0,299.00133323669434,success
50-5-6-a10-i1.json,80,sqrt,1.0,11468.0,299.01318883895874,success
50-5-6-a10-i1.json,80,sqrt,1.5,11450.0,299.03848242759705,success
50-5-7-a1-i2.json,30,linear,1.0,13110.0,299.91482162475586,success
50-5-7-a1-i2.json,30,linear,1.5,13110.0,299.26040291786194,success
50-5-7-a1-i2.json,30,sqrt,1.0,12732.0,299.0226366519928,success
50-5-7-a1-i2.json,30,sqrt,1.5,13110.0,299.2916250228882,success
50-5-7-a1-i2.json,50,linear,1.0,13110.0,300.04491925239563,success
50-5-7-a1-i2.json,50,linear,1.5,13110.0,299.33634543418884,success
50-5-7-a1-i2.json,50,sqrt,1.0,13110.0,299.5383324623108,success
50-5-7-a1-i2.json,50,sqrt,1.5,13110.0,299.89523673057556,success
50-5-7-a1-i2.json,80,linear,1.0,13110.0,300.0178270339966,success
50-5-7-a1-i2.json,80,linear,1.5,13110.0,299.19225788116455,success
50-5-7-a1-i2.json,80,sqrt,1.0,13110.0,299.1489703655243,success
50-5-7-a1-i2.json,80,sqrt,1.5,13110.0,299.49698972702026,success
50-5-8-a0.1-i1.json,30,linear,1.0,11840.0,299.75575709342957,success
50-5-8-a0.1-i1.json,30,linear,1.5,11840.0,300.02903985977173,success
50-5-8-a0.1-i1.json,30,sqrt,1.0,11840.0,299.1780378818512,success
50-5-8-a0.1-i1.json,30,sqrt,1.5,11840.0,299.628858089447,success
50-5-8-a0.1-i1.json,50,linear,1.0,11840.0,299.6271755695343,success
50-5-8-a0.1-i1.json,50,linear,1.5,11840.0,299.19667077064514,success
50-5-8-a0.1-i1.json,50,sqrt,1.0,11840.0,299.15944647789,success
50-5-8-a0.1-i1.json,50,sqrt,1.5,11840.0,300.04170656204224,success
50-5-8-a0.1-i1.json,80,linear,1.0,11840.0,299.45435905456543,success
50-5-8-a0.1-i1.json,80,linear,1.5,11840.0,299.81408619880676,success
50-5-8-a0.1-i1.json,80,sqrt,1.0,11840.0,299.30138778686523,success
50-5-8-a0.1-i1.json,80,sqrt,1.5,11840.0,299.5222854614258,success
70-3-6-a100-i1.json,30,linear,1.0,17480.0,300.0274271965027,success
70-3-6-a100-i1.json,30,linear,1.5,17216.0,299.9356892108917,success
70-3-6-a100-i1.json,30,sqrt,1.0,17216.0,299.2897574901581,success
70-3-6-a100-i1.json,30,sqrt,1.5,17216.0,300.0312099456787,success
70-3-6-a100-i1.json,50,linear,1.0,17480.0,299.49848318099976,success
70-3-6-a100-i1.json,50,linear,1.5,17480.0,299.62625193595886,success
70-3-6-a100-i1.json,50,sqrt,1.0,17480.0,299.03059458732605,success
70-3-6-a100-i1.json,50,sqrt,1.5,17480.0,300.0404827594757,success
70-3-6-a100-i1.json,80,linear,1.0,17480.0,299.3154487609863,success
70-3-6-a100-i1.json,80,linear,1.5,17480.0,299.5930061340332,success
70-3-6-a100-i1.json,80,sqrt,1.0,17480.0,299.82776498794556,success
70-3-6-a100-i1.json,80,sqrt,1.5,17480.0,299.56769132614136,success
70-3-7-a10-i2.json,30,linear,1.0,17850.0,299.71935415267944,success
70-3-7-a10-i2.json,30,linear,1.5,17850.0,299.351145029068,success
70-3-7-a10-i2.json,30,sqrt,1.0,17850.0,299.19961810112,success
70-3-7-a10-i2.json,30,sqrt,1.5,17850.0,300.0530869960785,success
70-3-7-a10-i2.json,50,linear,1.0,17850.0,299.9465651512146,success
70-3-7-a10-i2.json,50,linear,1.5,17850.0,299.6754376888275,success
70-3-7-a10-i2.json,50,sqrt,1.0,17850.0,299.3612198829651,success
70-3-7-a10-i2.json,50,sqrt,1.5,17850.0,300.0398528575897,success
70-3-7-a10-i2.json,80,linear,1.0,17850.0,300.02735686302185,success
70-3-7-a10-i2.json,80,linear,1.5,17850.0,299.6031503677368,success
70-3-7-a10-i2.json,80,sqrt,1.0,17850.0,299.68141078948975,success
70-3-7-a10-i2.json,80,sqrt,1.5,17850.0,299.1820435523987,success
70-3-8-a10-i1.json,30,linear,1.0,17480.0,299.167729139328,success
70-3-8-a10-i1.json,30,linear,1.5,17480.0,299.32570362091064,success
70-3-8-a10-i1.json,30,sqrt,1.0,17480.0,299.22336602211,success
70-3-8-a10-i1.json,30,sqrt,1.5,17480.0,299.32907700538635,success
70-3-8-a10-i1.json,50,linear,1.0,17480.0,299.2815008163452,success
70-3-8-a10-i1.json,50,linear,1.5,17480.0,299.6943440437317,success
70-3-8-a10-i1.json,50,sqrt,1.0,17480.0,299.19518876075745,success
70-3-8-a10-i1.json,50,sqrt,1.5,17480.0,299.59447860717773,success
70-3-8-a10-i1.json,80,linear,1.0,17480.0,299.27907967567444,success
70-3-8-a10-i1.json,80,linear,1.5,17480.0,300.0716931819916,success
70-3-8-a10-i1.json,80,sqrt,1.0,17480.0,300.0233166217804,success
70-3-8-a10-i1.json,80,sqrt,1.5,17480.0,299.17710638046265,success
70-4-6-a100-i3.json,30,linear,1.0,18380.0,299.6744894981384,success
70-4-6-a100-i3.json,30,linear,1.5,18380.0,299.33354783058167,success
70-4-6-a100-i3.json,30,sqrt,1.0,18380.0,299.8268995285034,success
70-4-6-a100-i3.json,30,sqrt,1.5,18380.0,299.9502782821655,success
70-4-6-a100-i3.json,50,linear,1.0,18380.0,299.3255310058594,success
70-4-6-a100-i3.json,50,linear,1.5,18380.0,299.8772315979004,success
70-4-6-a100-i3.json,50,sqrt,1.0,18380.0,299.2983396053314,success
70-4-6-a100-i3.json,50,sqrt,1.5,18380.0,299.58219385147095,success
70-4-6-a100-i3.json,80,linear,1.0,18380.0,299.9487102031708,success
70-4-6-a100-i3.json,80,linear,1.5,18380.0,299.54568338394165,success
70-4-6-a100-i3.json,80,sqrt,1.0,18380.0,299.40859365463257,success
70-4-6-a100-i3.json,80,sqrt,1.5,18380.0,300.0381679534912,success
70-4-7-a0.1-i2.json,30,linear,1.0,18260.0,299.9047749042511,success
70-4-7-a0.1-i2.json,30,linear,1.5,18260.0,299.5332713127136,success
70-4-7-a0.1-i2.json,30,sqrt,1.0,18260.0,299.13692450523376,success
70-4-7-a0.1-i2.json,30,sqrt,1.5,18260.0,299.0082743167877,success
70-4-7-a0.1-i2.json,50,linear,1.0,18260.0,299.3405976295471,success
70-4-7-a0.1-i2.json,50,linear,1.5,18260.0,300.02922344207764,success
70-4-7-a0.1-i2.json,50,sqrt,1.0,18260.0,299.33522844314575,success
70-4-7-a0.1-i2.json,50,sqrt,1.5,18260.0,299.96941208839417,success
70-4-7-a0.1-i2.json,80,linear,1.0,18260.0,299.0888912677765,success
70-4-7-a0.1-i2.json,80,linear,1.5,18260.0,299.932754278183,success
70-4-7-a0.1-i2.json,80,sqrt,1.0,18260.0,299.67190313339233,success
70-4-7-a0.1-i2.json,80,sqrt,1.5,18260.0,299.3291051387787,success
70-4-8-a0.1-i3.json,30,linear,1.0,18380.0,299.6792347431183,success
70-4-8-a0.1-i3.json,30,linear,1.5,18380.0,299.7751851081848,success
70-4-8-a0.1-i3.json,30,sqrt,1.0,18380.0,299.5168640613556,success
70-4-8-a0.1-i3.json,30,sqrt,1.5,18380.0,300.0132417678833,success
70-4-8-a0.1-i3.json,50,linear,1.0,18380.0,299.5260896682739,success
70-4-8-a0.1-i3.json,50,linear,1.5,18380.0,299.61800360679626,success
70-4-8-a0.1-i3.json,50,sqrt,1.0,18380.0,299.55471205711365,success
70-4-8-a0.1-i3.json,50,sqrt,1.5,18380.0,299.9810245037079,success
70-4-8-a0.1-i3.json,80,linear,1.0,18380.0,299.521621465683,success
70-4-8-a0.1-i3.json,80,linear,1.5,18380.0,299.7387869358063,success
70-4-8-a0.1-i3.json,80,sqrt,1.0,18380.0,299.73846411705017,success
70-4-8-a0.1-i3.json,80,sqrt,1.5,18380.0,299.59093260765076,success
70-5-6-a10-i3.json,30,linear,1.0,18060.0,299.9672861099243,success
70-5-6-a10-i3.json,30,linear,1.5,18060.0,299.45852875709534,success
70-5-6-a10-i3.json,30,sqrt,1.0,18060.0,299.70456886291504,success
70-5-6-a10-i3.json,30,sqrt,1.5,18060.0,299.19668459892273,success
70-5-6-a10-i3.json,50,linear,1.0,18060.0,300.06844210624695,success
70-5-6-a10-i3.json,50,linear,1.5,18060.0,299.0133435726166,success
70-5-6-a10-i3.json,50,sqrt,1.0,18060.0,300.0774130821228,success
70-5-6-a10-i3.json,50,sqrt,1.5,18060.0,299.12875986099243,success
70-5-6-a10-i3.json,80,linear,1.0,18060.0,299.64403891563416,success
70-5-6-a10-i3.json,80,linear,1.5,18060.0,299.83134293556213,success
70-5-6-a10-i3.json,80,sqrt,1.0,18060.0,299.41415572166443,success
70-5-6-a10-i3.json,80,sqrt,1.5,18060.0,299.61493730545044,success
70-5-7-a10-i3.json,30,linear,1.0,18060.0,299.47646856307983,success
70-5-7-a10-i3.json,30,linear,1.5,18060.0,299.3044652938843,success
70-5-7-a10-i3.json,30,sqrt,1.0,18060.0,299.25535583496094,success
70-5-7-a10-i3.json,30,sqrt,1.5,18060.0,300.03898882865906,success
70-5-7-a10-i3.json,50,linear,1.0,18060.0,299.297212600708,success
70-5-7-a10-i3.json,50,linear,1.5,18060.0,299.660710811615,success
70-5-7-a10-i3.json,50,sqrt,1.0,18060.0,300.0456919670105,success
70-5-7-a10-i3.json,50,sqrt,1.5,18060.0,299.5368723869324,success
70-5-7-a10-i3.json,80,linear,1.0,18060.0,300.02567625045776,success
70-5-7-a10-i3.json,80,linear,1.5,18060.0,299.9943404197693,success
70-5-7-a10-i3.json,80,sqrt,1.0,18060.0,299.3298969268799,success
70-5-7-a10-i3.json,80,sqrt,1.5,18060.0,300.0447986125946,success
70-5-8-a1-i3.json,30,linear,1.0,18060.0,299.9217367172241,success
70-5-8-a1-i3.json,30,linear,1.5,18060.0,299.63487577438354,success
70-5-8-a1-i3.json,30,sqrt,1.0,18060.0,300.04030776023865,success
70-5-8-a1-i3.json,30,sqrt,1.5,18060.0,299.3603959083557,success
70-5-8-a1-i3.json,50,linear,1.0,18060.0,299.5856382846832,success
70-5-8-a1-i3.json,50,linear,1.5,18060.0,299.8077778816223,success
70-5-8-a1-i3.json,50,sqrt,1.0,18060.0,299.44857692718506,success
70-5-8-a1-i3.json,50,sqrt,1.5,18060.0,299.6638445854187,success
70-5-8-a1-i3.json,80,linear,1.0,18060.0,299.54740691185,success
70-5-8-a1-i3.json,80,linear,1.5,18060.0,299.1044843196869,success
70-5-8-a1-i3.json,80,sqrt,1.0,18060.0,299.9823520183563,success
70-5-8-a1-i3.json,80,sqrt,1.5,18060.0,299.15072655677795,success
