算法,实例名称,工件数,工厂数,工序数,Alpha,实例序号,目标值,下界,Gap,迭代次数,总求解时间(s),拒绝订单个数
LBBD3.py,30-3-6-a0.1-i1.json,30,3,6,0.1,1,6849,5944,0.132136078,119,301.386,22
LBBD3.py,30-3-6-a0.1-i2.json,30,3,6,0.1,2,7048,6404,0.091373439,110,302.769,23
LBBD3.py,30-3-6-a0.1-i3.json,30,3,6,0.1,3,6169,5378,0.128221,168,301,21
LBBD3.py,30-3-6-a1-i1.json,30,3,6,1,1,6737,5947,0.117262877,119,301.409,23
LBBD3.py,30-3-6-a1-i2.json,30,3,6,1,2,6642,6404,0.035832581,114,302.426,20
LBBD3.py,30-3-6-a1-i3.json,30,3,6,1,3,6258,5397,0.137583893,148,301.971,22
LBBD3.py,30-3-6-a10-i1.json,30,3,6,10,1,6086,5866,0.036148538,114,303.848,17
LBBD3.py,30-3-6-a10-i2.json,30,3,6,10,2,6213,6213,0,40,59.627,14
LBBD3.py,30-3-6-a10-i3.json,30,3,6,10,3,5226,5226,0,6,3.559,15
LBBD3.py,30-3-6-a100-i1.json,30,3,6,100,1,5747,5747,0,1,0.364,12
LBBD3.py,30-3-6-a100-i2.json,30,3,6,100,2,6141,6141,0,1,0.321,13
LBBD3.py,30-3-6-a100-i3.json,30,3,6,100,3,5218,5218,0,1,0.327,14
LBBD3.py,30-3-7-a0.1-i1.json,30,3,7,0.1,1,6281,5536,0.118611686,130,300.841,22
LBBD3.py,30-3-7-a0.1-i2.json,30,3,7,0.1,2,6517,6225,0.044805892,142,300.501,20
LBBD3.py,30-3-7-a0.1-i3.json,30,3,7,0.1,3,6267,5140,0.17983086,118,306.394,23
LBBD3.py,30-3-7-a1-i1.json,30,3,7,1,1,6552,5572,0.14957265,109,303.008,24
LBBD3.py,30-3-7-a1-i2.json,30,3,7,1,2,6969,6242,0.104319128,117,304.219,23
LBBD3.py,30-3-7-a1-i3.json,30,3,7,1,3,6575,5141,0.218098859,132,304.607,23
LBBD3.py,30-3-7-a10-i1.json,30,3,7,10,1,5436,5436,0,155,153.464,15
LBBD3.py,30-3-7-a10-i2.json,30,3,7,10,2,6043,6043,0,28,20.817,12
LBBD3.py,30-3-7-a10-i3.json,30,3,7,10,3,5675,5103,0.100792952,158,300.508,18
LBBD3.py,30-3-7-a100-i1.json,30,3,7,100,1,5184,5184,0,1,0.279,14
LBBD3.py,30-3-7-a100-i2.json,30,3,7,100,2,5944,5944,0,1,0.282,14
LBBD3.py,30-3-7-a100-i3.json,30,3,7,100,3,4827,4827,0,1,0.301,13
LBBD3.py,30-3-8-a0.1-i1.json,30,3,8,0.1,1,6027,5802,0.037332006,107,301.185,18
LBBD3.py,30-3-8-a0.1-i2.json,30,3,8,0.1,2,7063,6332,0.103497098,128,302.484,22
LBBD3.py,30-3-8-a0.1-i3.json,30,3,8,0.1,3,6010,5386,0.103826955,96,300.638,21
LBBD3.py,30-3-8-a1-i1.json,30,3,8,1,1,6618,5843,0.117104866,98,300.817,21
LBBD3.py,30-3-8-a1-i2.json,30,3,8,1,2,7336,6371,0.131543075,97,305.587,22
LBBD3.py,30-3-8-a1-i3.json,30,3,8,1,3,5903,5387,0.08741318,102,301.393,20
LBBD3.py,30-3-8-a10-i1.json,30,3,8,10,1,5704,5704,0,28,56.369,13
LBBD3.py,30-3-8-a10-i2.json,30,3,8,10,2,6203,6203,0,189,199.135,15
LBBD3.py,30-3-8-a10-i3.json,30,3,8,10,3,5276,5276,0,19,33.596,16
LBBD3.py,30-3-8-a100-i1.json,30,3,8,100,1,5627,5627,0,1,1.271,12
LBBD3.py,30-3-8-a100-i2.json,30,3,8,100,2,6037,6037,0,1,0.296,15
LBBD3.py,30-3-8-a100-i3.json,30,3,8,100,3,5197,5197,0,1,0.303,15
LBBD3.py,30-4-6-a0.1-i1.json,30,4,6,0.1,1,5841,5680,0.027563773,150,301.614,18
LBBD3.py,30-4-6-a0.1-i2.json,30,4,6,0.1,2,5595,4863,0.130831,84,301.68,20
LBBD3.py,30-4-6-a0.1-i3.json,30,4,6,0.1,3,5595,4888,0.126362824,112,302.647,20
LBBD3.py,30-4-6-a1-i1.json,30,4,6,1,1,5836,5680,0.026730637,152,300.667,18
LBBD3.py,30-4-6-a1-i2.json,30,4,6,1,2,7332,6553,0.10624659,134,301.22,20
LBBD3.py,30-4-6-a1-i3.json,30,4,6,1,3,5505,4889,0.111898274,109,302.003,20
LBBD3.py,30-4-6-a10-i1.json,30,4,6,10,1,5556,5556,0,13,12.066,14
LBBD3.py,30-4-6-a10-i2.json,30,4,6,10,2,6468,6468,0,108,112.47,10
LBBD3.py,30-4-6-a10-i3.json,30,4,6,10,3,4691,4691,0,19,22.199,15
LBBD3.py,30-4-6-a100-i1.json,30,4,6,100,1,5526,5526,0,1,0.392,14
LBBD3.py,30-4-6-a100-i2.json,30,4,6,100,2,6402,6402,0,1,0.389,10
LBBD3.py,30-4-6-a100-i3.json,30,4,6,100,3,4603,4603,0,1,1.223,12
LBBD3.py,30-4-7-a0.1-i1.json,30,4,7,0.1,1,5621,5413,0.037004092,123,301.74,17
LBBD3.py,30-4-7-a0.1-i2.json,30,4,7,0.1,2,7501,6148,0.18037595,91,300.256,23
LBBD3.py,30-4-7-a0.1-i3.json,30,4,7,0.1,3,5068,4844,0.044198895,194,302.48,18
LBBD3.py,30-4-7-a1-i1.json,30,4,7,1,1,6073,5427,0.106372468,111,302.257,20
LBBD3.py,30-4-7-a1-i2.json,30,4,7,1,2,7284,6139,0.15719385,91,304.744,21
LBBD3.py,30-4-7-a1-i3.json,30,4,7,1,3,5207,4854,0.067793355,168,300.957,19
LBBD3.py,30-4-7-a10-i1.json,30,4,7,10,1,5238,5238,0,55,53.185,15
LBBD3.py,30-4-7-a10-i2.json,30,4,7,10,2,5968,5968,0,8,5.453,9
LBBD3.py,30-4-7-a10-i3.json,30,4,7,10,3,4760,4760,0,103,95.066,15
LBBD3.py,30-4-7-a100-i1.json,30,4,7,100,1,5132,5132,0,1,0.344,15
LBBD3.py,30-4-7-a100-i2.json,30,4,7,100,2,5947,5947,0,1,0.836,8
LBBD3.py,30-4-7-a100-i3.json,30,4,7,100,3,4688,4688,0,1,0.342,15
LBBD3.py,30-4-8-a0.1-i1.json,30,4,8,0.1,1,6248,5430,0.130921895,158,300.663,21
LBBD3.py,30-4-8-a0.1-i2.json,30,4,8,0.1,2,6137,5850,0.046765521,41,302.653,18
LBBD3.py,30-4-8-a0.1-i3.json,30,4,8,0.1,3,5171,4941,0.044478824,156,301.157,19
LBBD3.py,30-4-8-a1-i1.json,30,4,8,1,1,6025,5458,0.094107884,153,300.507,21
LBBD3.py,30-4-8-a1-i2.json,30,4,8,1,2,6053,5798,0.04212787,42,306.069,17
LBBD3.py,30-4-8-a1-i3.json,30,4,8,1,3,5559,4956,0.108472747,131,302.538,22
LBBD3.py,30-4-8-a10-i1.json,30,4,8,10,1,5252,5252,0,5,2.244,14
LBBD3.py,30-4-8-a10-i2.json,30,4,8,10,2,5882,5733,0.02533152,46,311.505,14
LBBD3.py,30-4-8-a10-i3.json,30,4,8,10,3,4849,4849,0,163,190.342,15
LBBD3.py,30-4-8-a100-i1.json,30,4,8,100,1,5225,5225,0,1,0.358,15
LBBD3.py,30-4-8-a100-i2.json,30,4,8,100,2,5643,5643,0,1,1.877,9
LBBD3.py,30-4-8-a100-i3.json,30,4,8,100,3,4744,4744,0,1,0.415,15
LBBD3.py,30-5-6-a0.1-i1.json,30,5,6,0.1,1,5963,5303,0.110682542,104,303.099,20
LBBD3.py,30-5-6-a0.1-i2.json,30,5,6,0.1,2,6471,5876,0.091948694,91,304.267,20
LBBD3.py,30-5-6-a0.1-i3.json,30,5,6,0.1,3,5465,5000,0.085086917,141,301.385,19
LBBD3.py,30-5-6-a1-i1.json,30,5,6,1,1,5738,5298,0.076681771,118,304.002,19
LBBD3.py,30-5-6-a1-i2.json,30,5,6,1,2,6323,5852,0.074489957,129,301.236,20
LBBD3.py,30-5-6-a1-i3.json,30,5,6,1,3,5249,5012,0.045151457,126,302.215,18
LBBD3.py,30-5-6-a10-i1.json,30,5,6,10,1,5116,5116,0,21,12.73,15
LBBD3.py,30-5-6-a10-i2.json,30,5,6,10,2,5701,5701,0,40,37.62,12
LBBD3.py,30-5-6-a10-i3.json,30,5,6,10,3,4986,4976,0.002005616,194,301.371,15
LBBD3.py,30-5-6-a100-i1.json,30,5,6,100,1,5048,5048,0,1,0.4,12
LBBD3.py,30-5-6-a100-i2.json,30,5,6,100,2,5638,5638,0,1,0.392,12
LBBD3.py,30-5-6-a100-i3.json,30,5,6,100,3,4842,4842,0,1,0.411,13
LBBD3.py,30-5-7-a0.1-i1.json,30,5,7,0.1,1,5643,5217,0.07549176,107,300.971,17
LBBD3.py,30-5-7-a0.1-i2.json,30,5,7,0.1,2,5916,5779,0.023157539,136,301.889,17
LBBD3.py,30-5-7-a0.1-i3.json,30,5,7,0.1,3,4595,4580,0.003264418,147,300.724,16
LBBD3.py,30-5-7-a1-i1.json,30,5,7,1,1,5832,5266,0.097050754,81,302.054,21
LBBD3.py,30-5-7-a1-i2.json,30,5,7,1,2,6211,5790,0.067782966,104,303.408,20
LBBD3.py,30-5-7-a1-i3.json,30,5,7,1,3,5169,4615,0.107177,102,303.11,19
LBBD3.py,30-5-7-a10-i1.json,30,5,7,10,1,5145,5145,0,65,113.992,12
LBBD3.py,30-5-7-a10-i2.json,30,5,7,10,2,5581,5581,0,3,1.425,13
LBBD3.py,30-5-7-a10-i3.json,30,5,7,10,3,4960,4521,0.088508065,204,301.834,18
LBBD3.py,30-5-7-a100-i1.json,30,5,7,100,1,5019,5019,0,1,1.265,11
LBBD3.py,30-5-7-a100-i2.json,30,5,7,100,2,5563,5563,0,1,0.429,13
LBBD3.py,30-5-7-a100-i3.json,30,5,7,100,3,4342,4342,0,1,0.41,15
LBBD3.py,30-5-8-a0.1-i1.json,30,5,8,0.1,1,5571,5186,0.06910788,112,300.284,18
LBBD3.py,30-5-8-a0.1-i2.json,30,5,8,0.1,2,5854,5491,0.062008883,129,302.364,18
LBBD3.py,30-5-8-a0.1-i3.json,30,5,8,0.1,3,5169,4852,0.061327143,138,304.206,20
LBBD3.py,30-5-8-a1-i1.json,30,5,8,1,1,5806,5214,0.101963486,97,304.205,19
LBBD3.py,30-5-8-a1-i2.json,30,5,8,1,2,6387,5477,0.142476906,101,302.834,21
LBBD3.py,30-5-8-a1-i3.json,30,5,8,1,3,5015,4819,0.039082752,142,301.083,19
LBBD3.py,30-5-8-a10-i1.json,30,5,8,10,1,4978,4978,0,2,1.069,12
LBBD3.py,30-5-8-a10-i2.json,30,5,8,10,2,5336,5336,0,7,3.503,12
LBBD3.py,30-5-8-a10-i3.json,30,5,8,10,3,4639,4639,0,23,11.89,16
LBBD3.py,30-5-8-a100-i1.json,30,5,8,100,1,4976,4976,0,1,0.46,12
LBBD3.py,30-5-8-a100-i2.json,30,5,8,100,2,5296,5296,0,1,0.528,12
LBBD3.py,30-5-8-a100-i3.json,30,5,8,100,3,4569,4569,0,1,0.383,17
LBBD3.py,50-3-6-a0.1-i1.json,50,3,6,0.1,1,10058,8382,0.166634,55,301.96,42
LBBD3.py,50-3-6-a0.1-i2.json,50,3,6,0.1,2,11504,9496,0.174547983,64,303.682,42
LBBD3.py,50-3-6-a0.1-i3.json,50,3,6,0.1,3,11967,9574,0.199966575,49,302.564,43
LBBD3.py,50-3-6-a1-i1.json,50,3,6,1,1,9780,8392,0.14192229,66,304.075,41
LBBD3.py,50-3-6-a1-i2.json,50,3,6,1,2,11957,9510,0.204649996,59,306.092,44
LBBD3.py,50-3-6-a1-i3.json,50,3,6,1,3,11813,9573,0.189621603,47,304.811,44
LBBD3.py,50-3-6-a10-i1.json,50,3,6,10,1,9107,8238,0.095421105,59,304.072,37
LBBD3.py,50-3-6-a10-i2.json,50,3,6,10,2,9392,9392,0,44,199.273,27
LBBD3.py,50-3-6-a10-i3.json,50,3,6,10,3,10334,9378,0.092510161,44,302.024,33
LBBD3.py,50-3-6-a100-i1.json,50,3,6,100,1,8150,8150,0,1,1.113,27
LBBD3.py,50-3-6-a100-i2.json,50,3,6,100,2,9332,9332,0,6,13.522,25
LBBD3.py,50-3-6-a100-i3.json,50,3,6,100,3,9336,9336,0,1,1.829,21
LBBD3.py,50-3-7-a0.1-i1.json,50,3,7,0.1,1,9424,8531,0.094758065,109,302.003,40
LBBD3.py,50-3-7-a0.1-i2.json,50,3,7,0.1,2,12197,9058,0.257358367,25,311.958,45
LBBD3.py,50-3-7-a0.1-i3.json,50,3,7,0.1,3,11994,9223,0.231032183,19,300.84,44
LBBD3.py,50-3-7-a1-i1.json,50,3,7,1,1,10450,8540,0.18277512,100,301.382,43
LBBD3.py,50-3-7-a1-i2.json,50,3,7,1,2,12001,9062,0.244896259,25,309.893,44
LBBD3.py,50-3-7-a1-i3.json,50,3,7,1,3,11948,9234,0.227150988,22,317.632,43
LBBD3.py,50-3-7-a10-i1.json,50,3,7,10,1,9064,8454,0.067299206,115,301.1,35
LBBD3.py,50-3-7-a10-i2.json,50,3,7,10,2,9632,8949,0.070909468,12,312.86,30
LBBD3.py,50-3-7-a10-i3.json,50,3,7,10,3,10780,9009,0.164285714,16,308.086,37
LBBD3.py,50-3-7-a100-i1.json,50,3,7,100,1,8365,8365,0,1,1.032,27
LBBD3.py,50-3-7-a100-i2.json,50,3,7,100,2,8848,8848,0,1,23.288,21
LBBD3.py,50-3-7-a100-i3.json,50,3,7,100,3,8974,8974,0,1,21.306,18
LBBD3.py,50-3-8-a0.1-i1.json,50,3,8,0.1,1,10187,8482,0.167370178,98,301.337,42
LBBD3.py,50-3-8-a0.1-i2.json,50,3,8,0.1,2,10995,8998,0.181628013,7,345.317,40
LBBD3.py,50-3-8-a0.1-i3.json,50,3,8,0.1,3,11879,9861,0.169879619,36,300.417,41
LBBD3.py,50-3-8-a1-i1.json,50,3,8,1,1,10092,8469,0.16082,70,307.37,42
LBBD3.py,50-3-8-a1-i2.json,50,3,8,1,2,10995,8998,0.181628013,7,339.939,40
LBBD3.py,50-3-8-a1-i3.json,50,3,8,1,3,11879,9865,0.169542891,36,300.378,41
LBBD3.py,50-3-8-a10-i1.json,50,3,8,10,1,9308,8451,0.092071336,119,302.814,36
LBBD3.py,50-3-8-a10-i2.json,50,3,8,10,2,9864,8929,0.094789132,6,332.051,36
LBBD3.py,50-3-8-a10-i3.json,50,3,8,10,3,10972,9799,0.106908494,29,300.615,35
LBBD3.py,50-3-8-a100-i1.json,50,3,8,100,1,8349,8349,0,1,0.451,31
LBBD3.py,50-3-8-a100-i2.json,50,3,8,100,2,8893,8893,0,1,38.36,25
LBBD3.py,50-3-8-a100-i3.json,50,3,8,100,3,9755,9755,0,1,4.443,20
LBBD3.py,50-4-6-a0.1-i1.json,50,4,6,0.1,1,9482,8326,0.121915208,54,307.442,40
LBBD3.py,50-4-6-a0.1-i2.json,50,4,6,0.1,2,11168,8471,0.241493553,37,306.636,41
LBBD3.py,50-4-6-a0.1-i3.json,50,4,6,0.1,3,11450,9032,0.211179039,48,308.233,42
LBBD3.py,50-4-6-a1-i1.json,50,4,6,1,1,9286,8385,0.097027784,46,303.708,39
LBBD3.py,50-4-6-a1-i2.json,50,4,6,1,2,10659,8539,0.198892954,27,305.183,40
LBBD3.py,50-4-6-a1-i3.json,50,4,6,1,3,11139,9031,0.189244995,46,305.299,41
LBBD3.py,50-4-6-a10-i1.json,50,4,6,10,1,8280,8204,0.009178744,50,301.846,28
LBBD3.py,50-4-6-a10-i2.json,50,4,6,10,2,8487,8335,0.017909744,73,300.074,24
LBBD3.py,50-4-6-a10-i3.json,50,4,6,10,3,10256,8973,0.125097504,55,303.148,33
LBBD3.py,50-4-6-a100-i1.json,50,4,6,100,1,8123,8123,0,1,8.301,26
LBBD3.py,50-4-6-a100-i2.json,50,4,6,100,2,8212,8212,0,2,2.16,21
LBBD3.py,50-4-6-a100-i3.json,50,4,6,100,3,8904,8904,0,1,2.485,21
LBBD3.py,50-4-7-a0.1-i1.json,50,4,7,0.1,1,9452,8157,0.137008,65,304.84,41
LBBD3.py,50-4-7-a0.1-i2.json,50,4,7,0.1,2,10719,8183,0.236589234,11,306.482,39
LBBD3.py,50-4-7-a0.1-i3.json,50,4,7,0.1,3,10975,9156,0.165740319,34,302.866,38
LBBD3.py,50-4-7-a1-i1.json,50,4,7,1,1,9087,8179,0.099922967,84,305.398,40
LBBD3.py,50-4-7-a1-i2.json,50,4,7,1,2,11421,8331,0.270554242,24,303.695,43
LBBD3.py,50-4-7-a1-i3.json,50,4,7,1,3,11269,9152,0.187860502,30,300.819,41
LBBD3.py,50-4-7-a10-i1.json,50,4,7,10,1,8228,8078,0.018230433,161,302.999,29
LBBD3.py,50-4-7-a10-i2.json,50,4,7,10,2,8887,8114,0.086980983,7,368.93,29
LBBD3.py,50-4-7-a10-i3.json,50,4,7,10,3,10745,9116,0.151605398,32,301.037,33
LBBD3.py,50-4-7-a100-i1.json,50,4,7,100,1,7961,7961,0,1,0.513,25
LBBD3.py,50-4-7-a100-i2.json,50,4,7,100,2,8098,8098,0,2,90.938,21
LBBD3.py,50-4-7-a100-i3.json,50,4,7,100,3,9073,9073,0,1,4.397,18
LBBD3.py,50-4-8-a0.1-i1.json,50,4,8,0.1,1,9473,8242,0.129948274,65,310.007,39
LBBD3.py,50-4-8-a0.1-i2.json,50,4,8,0.1,2,10308,8230,0.201590997,32,310.834,38
LBBD3.py,50-4-8-a0.1-i3.json,50,4,8,0.1,3,10568,9312,0.118849357,49,304.523,38
LBBD3.py,50-4-8-a1-i1.json,50,4,8,1,1,9742,8255,0.152638062,54,304.375,39
LBBD3.py,50-4-8-a1-i2.json,50,4,8,1,2,10565,8248,0.219309039,33,304.871,40
LBBD3.py,50-4-8-a1-i3.json,50,4,8,1,3,11056,9304,0.158465991,47,305.191,40
LBBD3.py,50-4-8-a10-i1.json,50,4,8,10,1,8438,8133,0.036146006,83,301.814,31
LBBD3.py,50-4-8-a10-i2.json,50,4,8,10,2,8869,8188,0.076784,32,315.75,29
LBBD3.py,50-4-8-a10-i3.json,50,4,8,10,3,9497,9254,0.025587027,45,302,29
LBBD3.py,50-4-8-a100-i1.json,50,4,8,100,1,7956,7956,0,1,1.123,25
LBBD3.py,50-4-8-a100-i2.json,50,4,8,100,2,8159,8159,0,22,230.732,22
LBBD3.py,50-4-8-a100-i3.json,50,4,8,100,3,9529,9212,0.033266,49,304.07,25
LBBD3.py,50-5-6-a0.1-i1.json,50,5,6,0.1,1,9877,8078,0.182140326,57,309.844,39
LBBD3.py,50-5-6-a0.1-i2.json,50,5,6,0.1,2,10027,8432,0.15907051,48,303.021,37
LBBD3.py,50-5-6-a0.1-i3.json,50,5,6,0.1,3,10127,8852,0.125901057,34,313.303,33
LBBD3.py,50-5-6-a1-i1.json,50,5,6,1,1,9122,8077,0.114558211,56,303.133,37
LBBD3.py,50-5-6-a1-i2.json,50,5,6,1,2,10585,8441,0.202550779,40,303.67,40
LBBD3.py,50-5-6-a1-i3.json,50,5,6,1,3,10768,8860,0.177191679,35,351.616,38
LBBD3.py,50-5-6-a10-i1.json,50,5,6,10,1,7950,7950,0,53,226.71,21
LBBD3.py,50-5-6-a10-i2.json,50,5,6,10,2,8304,8301,0.000361272,160,300.395,21
LBBD3.py,50-5-6-a10-i3.json,50,5,6,10,3,9362,8771,0.063127537,61,302.395,30
LBBD3.py,50-5-6-a100-i1.json,50,5,6,100,1,7889,7889,0,1,1.355,19
LBBD3.py,50-5-6-a100-i2.json,50,5,6,100,2,8236,8236,0,3,2.432,20
LBBD3.py,50-5-6-a100-i3.json,50,5,6,100,3,8607,8607,0,1,1.836,19
LBBD3.py,50-5-7-a0.1-i1.json,50,5,7,0.1,1,8820,8193,0.071088435,83,300.472,34
LBBD3.py,50-5-7-a0.1-i2.json,50,5,7,0.1,2,9687,8169,0.156704862,61,300.123,36
LBBD3.py,50-5-7-a0.1-i3.json,50,5,7,0.1,3,10567,8800,0.1672187,60,307.443,38
LBBD3.py,50-5-7-a1-i1.json,50,5,7,1,1,9406,8211,0.127046566,69,311.239,40
LBBD3.py,50-5-7-a1-i2.json,50,5,7,1,2,10386,8215,0.209031388,56,305.677,40
LBBD3.py,50-5-7-a1-i3.json,50,5,7,1,3,10694,8814,0.175799514,55,302.185,39
LBBD3.py,50-5-7-a10-i1.json,50,5,7,10,1,8084,8084,0,67,101.456,24
LBBD3.py,50-5-7-a10-i2.json,50,5,7,10,2,8445,8110,0.039668443,72,301.802,29
LBBD3.py,50-5-7-a10-i3.json,50,5,7,10,3,9002,8753,0.02766052,80,302.391,25
LBBD3.py,50-5-7-a100-i1.json,50,5,7,100,1,8048,8048,0,5,5.371,24
LBBD3.py,50-5-7-a100-i2.json,50,5,7,100,2,8040,8040,0,1,2.034,22
LBBD3.py,50-5-7-a100-i3.json,50,5,7,100,3,8672,8672,0,28,59.036,21
LBBD3.py,50-5-8-a0.1-i1.json,50,5,8,0.1,1,9192,8288,0.098346388,72,303.049,38
LBBD3.py,50-5-8-a0.1-i2.json,50,5,8,0.1,2,9415,8221,0.126818906,62,308.794,33
LBBD3.py,50-5-8-a0.1-i3.json,50,5,8,0.1,3,10479,9009,0.140280561,57,303.005,37
LBBD3.py,50-5-8-a1-i1.json,50,5,8,1,1,9102,8286,0.089650626,69,302.23,37
LBBD3.py,50-5-8-a1-i2.json,50,5,8,1,2,9697,8220,0.152315149,54,305.268,36
LBBD3.py,50-5-8-a1-i3.json,50,5,8,1,3,10778,9001,0.164872889,56,310.607,39
LBBD3.py,50-5-8-a10-i1.json,50,5,8,10,1,8211,8211,0,62,116.619,27
LBBD3.py,50-5-8-a10-i2.json,50,5,8,10,2,8108,8108,0,35,39.716,23
LBBD3.py,50-5-8-a10-i3.json,50,5,8,10,3,9487,8937,0.05797407,68,302.964,25
LBBD3.py,50-5-8-a100-i1.json,50,5,8,100,1,8106,8106,0,1,0.626,26
LBBD3.py,50-5-8-a100-i2.json,50,5,8,100,2,8059,8059,0,1,0.67,23
LBBD3.py,50-5-8-a100-i3.json,50,5,8,100,3,8829,8829,0,1,0.905,18
LBBD3.py,70-3-6-a0.1-i1.json,70,3,6,0.1,1,15954,12322,0.227654507,25,314.767,63
LBBD3.py,70-3-6-a0.1-i2.json,70,3,6,0.1,2,15924,11786,0.259859332,5,316.323,62
LBBD3.py,70-3-6-a0.1-i3.json,70,3,6,0.1,3,16841,13186,0.217029868,6,349.452,61
LBBD3.py,70-3-6-a1-i1.json,70,3,6,1,1,15636,12320,0.212074699,24,304.988,62
LBBD3.py,70-3-6-a1-i2.json,70,3,6,1,2,16092,11860,0.26298782,5,317.304,62
LBBD3.py,70-3-6-a1-i3.json,70,3,6,1,3,17126,13337,0.221242555,6,328.031,63
LBBD3.py,70-3-6-a10-i1.json,70,3,6,10,1,14391,11981,0.167465777,27,311.271,50
LBBD3.py,70-3-6-a10-i2.json,70,3,6,10,2,14644,11633,0.20561322,43,305.292,56
LBBD3.py,70-3-6-a10-i3.json,70,3,6,10,3,14824,12823,0.13498381,26,314.064,51
LBBD3.py,70-3-6-a100-i1.json,70,3,6,100,1,11901,11901,0,1,3.912,36
LBBD3.py,70-3-6-a100-i2.json,70,3,6,100,2,11550,11550,0,1,2.09,30
LBBD3.py,70-3-6-a100-i3.json,70,3,6,100,3,12777,12777,0,1,3.001,32
LBBD3.py,70-3-7-a0.1-i1.json,70,3,7,0.1,1,15873,12300,0.225099225,9,304.368,64
LBBD3.py,70-3-7-a0.1-i2.json,70,3,7,0.1,2,15891,12231,0.230319049,12,343.396,62
LBBD3.py,70-3-7-a0.1-i3.json,70,3,7,0.1,3,17207,12722,0.260649736,4,361.595,63
LBBD3.py,70-3-7-a1-i1.json,70,3,7,1,1,15467,12316,0.203724058,10,308.478,63
LBBD3.py,70-3-7-a1-i2.json,70,3,7,1,2,15803,12227,0.226286148,11,349.487,62
LBBD3.py,70-3-7-a1-i3.json,70,3,7,1,3,16491,12745,0.227154205,4,360.446,61
LBBD3.py,70-3-7-a10-i1.json,70,3,7,10,1,13689,11916,0.129520053,7,323.373,51
LBBD3.py,70-3-7-a10-i2.json,70,3,7,10,2,13520,11841,0.124186391,9,309.147,46
LBBD3.py,70-3-7-a10-i3.json,70,3,7,10,3,15585,12329,0.208918832,7,315.007,56
LBBD3.py,70-3-7-a100-i1.json,70,3,7,100,1,11901,11901,0,3,72.088,33
LBBD3.py,70-3-7-a100-i2.json,70,3,7,100,2,11823,11823,0,1,15.961,36
LBBD3.py,70-3-7-a100-i3.json,70,3,7,100,3,12325,12325,0,4,42.956,28
LBBD3.py,70-3-8-a0.1-i1.json,70,3,8,0.1,1,15136,12889,0.148454017,22,307.595,61
LBBD3.py,70-3-8-a0.1-i2.json,70,3,8,0.1,2,15700,12495,0.204140127,10,304.996,62
LBBD3.py,70-3-8-a0.1-i3.json,70,3,8,0.1,3,17063,12494,0.267772373,7,311.417,63
LBBD3.py,70-3-8-a1-i1.json,70,3,8,1,1,15286,12889,0.156810153,22,306.127,62
LBBD3.py,70-3-8-a1-i2.json,70,3,8,1,2,15829,12507,0.209867964,13,326.661,63
LBBD3.py,70-3-8-a1-i3.json,70,3,8,1,3,16973,12494,0.263889707,7,317.252,63
LBBD3.py,70-3-8-a10-i1.json,70,3,8,10,1,15629,12765,0.183249088,8,308.084,62
LBBD3.py,70-3-8-a10-i2.json,70,3,8,10,2,13586,11794,0.131900486,6,371.235,49
LBBD3.py,70-3-8-a10-i3.json,70,3,8,10,3,14675,12306,0.161431005,4,380.592,50
LBBD3.py,70-3-8-a100-i1.json,70,3,8,100,1,12746,12746,0,3,149.701,37
LBBD3.py,70-3-8-a100-i2.json,70,3,8,100,2,11863,11793,0.0059007,7,302.056,35
LBBD3.py,70-3-8-a100-i3.json,70,3,8,100,3,12301,12301,0,2,135.389,29
LBBD3.py,70-4-6-a0.1-i1.json,70,4,6,0.1,1,15289,12290,0.196154098,6,343.808,63
LBBD3.py,70-4-6-a0.1-i2.json,70,4,6,0.1,2,15863,11811,0.255437181,6,308.086,60
LBBD3.py,70-4-6-a0.1-i3.json,70,4,6,0.1,3,16024,11982,0.25224663,9,309.394,61
LBBD3.py,70-4-6-a1-i1.json,70,4,6,1,1,15611,12362,0.208122478,6,341.097,64
LBBD3.py,70-4-6-a1-i2.json,70,4,6,1,2,16041,11927,0.256467801,7,342.708,61
LBBD3.py,70-4-6-a1-i3.json,70,4,6,1,3,15616,11983,0.232646004,10,343.427,59
LBBD3.py,70-4-6-a10-i1.json,70,4,6,10,1,13654,12084,0.11498462,43,303.848,52
LBBD3.py,70-4-6-a10-i2.json,70,4,6,10,2,13184,11402,0.135163835,15,325.096,46
LBBD3.py,70-4-6-a10-i3.json,70,4,6,10,3,12796,11595,0.093857455,11,307.49,41
LBBD3.py,70-4-6-a100-i1.json,70,4,6,100,1,12013,12013,0,21,66.957,33
LBBD3.py,70-4-6-a100-i2.json,70,4,6,100,2,11351,11351,0,4,90.041,30
LBBD3.py,70-4-6-a100-i3.json,70,4,6,100,3,11562,11562,0,1,35.609,29
LBBD3.py,70-4-7-a0.1-i1.json,70,4,7,0.1,1,15078,12427,0.175819074,9,303.399,61
LBBD3.py,70-4-7-a0.1-i2.json,70,4,7,0.1,2,15224,11474,0.246321597,21,314.698,58
LBBD3.py,70-4-7-a0.1-i3.json,70,4,7,0.1,3,16393,12442,0.241017507,11,312.17,62
LBBD3.py,70-4-7-a1-i1.json,70,4,7,1,1,14987,12418,0.171415227,10,309.252,60
LBBD3.py,70-4-7-a1-i2.json,70,4,7,1,2,15874,11531,0.273592037,10,341.183,61
LBBD3.py,70-4-7-a1-i3.json,70,4,7,1,3,15603,12443,0.202525155,10,306.3,60
LBBD3.py,70-4-7-a10-i1.json,70,4,7,10,1,14681,12387,0.156256386,12,312.552,56
LBBD3.py,70-4-7-a10-i2.json,70,4,7,10,2,12199,11320,0.072055086,31,302.648,44
LBBD3.py,70-4-7-a10-i3.json,70,4,7,10,3,13085,12313,0.058998854,24,311.532,41
LBBD3.py,70-4-7-a100-i1.json,70,4,7,100,1,12345,12345,0,1,11.139,35
LBBD3.py,70-4-7-a100-i2.json,70,4,7,100,2,11235,11235,0,1,6.922,30
LBBD3.py,70-4-7-a100-i3.json,70,4,7,100,3,12286,12286,0,1,3.37,30
LBBD3.py,70-4-8-a0.1-i1.json,70,4,8,0.1,1,15427,12011,0.22142996,10,330.275,63
LBBD3.py,70-4-8-a0.1-i2.json,70,4,8,0.1,2,15721,11808,0.248902742,6,337.904,60
LBBD3.py,70-4-8-a0.1-i3.json,70,4,8,0.1,3,15117,12059,0.202288814,23,313.016,58
LBBD3.py,70-4-8-a1-i1.json,70,4,8,1,1,15427,12011,0.22142996,10,330.933,63
LBBD3.py,70-4-8-a1-i2.json,70,4,8,1,2,16660,11826,0.290156062,5,333.404,64
LBBD3.py,70-4-8-a1-i3.json,70,4,8,1,3,14991,12058,0.195650724,22,307.52,57
LBBD3.py,70-4-8-a10-i1.json,70,4,8,10,1,14126,11922,0.156024352,8,316.923,55
LBBD3.py,70-4-8-a10-i2.json,70,4,8,10,2,13399,11617,0.132995,6,304.08,48
LBBD3.py,70-4-8-a10-i3.json,70,4,8,10,3,13017,11878,0.08750096,13,329.406,44
LBBD3.py,70-4-8-a100-i1.json,70,4,8,100,1,12738,11913,0.064766839,10,304.481,42
LBBD3.py,70-4-8-a100-i2.json,70,4,8,100,2,11593,11593,0,2,158.324,30
LBBD3.py,70-4-8-a100-i3.json,70,4,8,100,3,11841,11841,0,1,29.452,30
LBBD3.py,70-5-6-a0.1-i1.json,70,5,6,0.1,1,14949,12239,0.181283029,45,305.838,60
LBBD3.py,70-5-6-a0.1-i2.json,70,5,6,0.1,2,15009,11062,0.262975548,23,333.801,58
LBBD3.py,70-5-6-a0.1-i3.json,70,5,6,0.1,3,16297,11565,0.29036,11,329.8,62
LBBD3.py,70-5-6-a1-i1.json,70,5,6,1,1,14354,12238,0.147415355,45,307.659,57
LBBD3.py,70-5-6-a1-i2.json,70,5,6,1,2,15399,11068,0.281252029,22,311.148,59
LBBD3.py,70-5-6-a1-i3.json,70,5,6,1,3,16332,11565,0.29188097,11,303.819,62
LBBD3.py,70-5-6-a10-i1.json,70,5,6,10,1,12497,12164,0.026646395,89,301.875,36
LBBD3.py,70-5-6-a10-i2.json,70,5,6,10,2,11776,10987,0.067000679,37,306.735,42
LBBD3.py,70-5-6-a10-i3.json,70,5,6,10,3,13582,11415,0.159549404,22,327.288,43
LBBD3.py,70-5-6-a100-i1.json,70,5,6,100,1,12096,12096,0,1,0.881,30
LBBD3.py,70-5-6-a100-i2.json,70,5,6,100,2,10874,10874,0,2,5.498,31
LBBD3.py,70-5-6-a100-i3.json,70,5,6,100,3,11342,11342,0,1,4.042,29
LBBD3.py,70-5-7-a0.1-i1.json,70,5,7,0.1,1,14320,11531,0.19476257,23,324.085,57
LBBD3.py,70-5-7-a0.1-i2.json,70,5,7,0.1,2,15545,11338,0.270633644,25,306.697,59
LBBD3.py,70-5-7-a0.1-i3.json,70,5,7,0.1,3,15891,11813,0.256623246,8,322.531,61
LBBD3.py,70-5-7-a1-i1.json,70,5,7,1,1,14646,11543,0.211866721,22,312.692,58
LBBD3.py,70-5-7-a1-i2.json,70,5,7,1,2,15667,11354,0.275292015,17,311.375,60
LBBD3.py,70-5-7-a1-i3.json,70,5,7,1,3,15743,11877,0.245569459,12,332.602,61
LBBD3.py,70-5-7-a10-i1.json,70,5,7,10,1,12944,11314,0.12592707,23,304.415,41
LBBD3.py,70-5-7-a10-i2.json,70,5,7,10,2,11485,11196,0.025163256,29,318.27,35
LBBD3.py,70-5-7-a10-i3.json,70,5,7,10,3,11853,11687,0.014004893,27,302.226,37
LBBD3.py,70-5-7-a100-i1.json,70,5,7,100,1,11282,11282,0,1,8.246,30
LBBD3.py,70-5-7-a100-i2.json,70,5,7,100,2,11113,11113,0,1,5.297,31
LBBD3.py,70-5-7-a100-i3.json,70,5,7,100,3,11665,11665,0,10,60.864,32
LBBD3.py,70-5-8-a0.1-i1.json,70,5,8,0.1,1,13806,11831,0.143053745,27,338.747,53
LBBD3.py,70-5-8-a0.1-i2.json,70,5,8,0.1,2,14336,11077,0.227329799,30,305.871,55
LBBD3.py,70-5-8-a0.1-i3.json,70,5,8,0.1,3,14302,11501,0.195846735,12,323.766,54
LBBD3.py,70-5-8-a1-i1.json,70,5,8,1,1,13703,11822,0.137269211,24,301.564,53
LBBD3.py,70-5-8-a1-i2.json,70,5,8,1,2,14704,11081,0.246395539,28,304.039,56
LBBD3.py,70-5-8-a1-i3.json,70,5,8,1,3,14916,11526,0.227272727,12,301.159,58
LBBD3.py,70-5-8-a10-i1.json,70,5,8,10,1,12925,11818,0.085647969,29,308.025,45
LBBD3.py,70-5-8-a10-i2.json,70,5,8,10,2,12548,11046,0.119700351,37,304.095,43
LBBD3.py,70-5-8-a10-i3.json,70,5,8,10,3,13069,11442,0.124493,6,300.35,0
LBBD3.py,70-5-8-a100-i1.json,70,5,8,100,1,11648,11648,0,1,2.155,32
LBBD3.py,70-5-8-a100-i2.json,70,5,8,100,2,10927,10927,0,1,3.723,32
LBBD3.py,70-5-8-a100-i3.json,70,5,8,100,3,11426,11426,0,2,45.174,30
