算法,实例名称,工件数,工厂数,工序数,Alpha,实例序号,状态,目标值,下界,Gap,总求解时间(s),日志路径,可行
VNS,30-3-6-a0.1-i1.json,30,3,6,0.1,1,VNS,7419.0,无,无,299.099,,错误
VNS,30-3-6-a0.1-i2.json,30,3,6,0.1,2,VNS,7542.0,无,无,299.031,,True
VNS,30-3-6-a0.1-i3.json,30,3,6,0.1,3,VNS,6726.0,无,无,299.029,,True
VNS,30-3-6-a1-i1.json,30,3,6,1.0,1,VNS,7455.0,无,无,299.026,,True
VNS,30-3-6-a1-i2.json,30,3,6,1.0,2,VNS,7749.0,无,无,299.023,,True
VNS,30-3-6-a1-i3.json,30,3,6,1.0,3,VNS,6808.0,无,无,299.018,,True
VNS,30-3-6-a10-i1.json,30,3,6,10.0,1,VNS,7320.0,无,无,299.028,,错误
VNS,30-3-6-a10-i2.json,30,3,6,10.0,2,VNS,7595.0,无,无,299.024,,True
VNS,30-3-6-a10-i3.json,30,3,6,10.0,3,VNS,6869.0,无,无,299.021,,True
VNS,30-3-6-a100-i1.json,30,3,6,100.0,1,VNS,6918.0,无,无,299.032,,True
VNS,30-3-6-a100-i2.json,30,3,6,100.0,2,VNS,7391.0,无,无,299.013,,错误
VNS,30-3-6-a100-i3.json,30,3,6,100.0,3,VNS,6720.0,无,无,299.014,,错误
VNS,30-3-7-a0.1-i1.json,30,3,7,0.1,1,VNS,7365.0,无,无,299.037,,True
VNS,30-3-7-a0.1-i2.json,30,3,7,0.1,2,VNS,7494.0,无,无,299.091,,错误
VNS,30-3-7-a0.1-i3.json,30,3,7,0.1,3,VNS,7028.0,无,无,299.034,,True
VNS,30-3-7-a1-i1.json,30,3,7,1.0,1,VNS,7065.0,无,无,299.017,,True
VNS,30-3-7-a1-i2.json,30,3,7,1.0,2,VNS,7733.0,无,无,299.025,,True
VNS,30-3-7-a1-i3.json,30,3,7,1.0,3,VNS,7028.0,无,无,299.032,,True
VNS,30-3-7-a10-i1.json,30,3,7,10.0,1,VNS,6792.0,无,无,299.036,,True
VNS,30-3-7-a10-i2.json,30,3,7,10.0,2,VNS,7402.0,无,无,299.042,,True
VNS,30-3-7-a10-i3.json,30,3,7,10.0,3,VNS,6881.0,无,无,301.87,,True
VNS,30-3-7-a100-i1.json,30,3,7,100.0,1,VNS,6284.0,无,无,299.035,,True
VNS,30-3-7-a100-i2.json,30,3,7,100.0,2,VNS,7402.0,无,无,299.033,,True
VNS,30-3-7-a100-i3.json,30,3,7,100.0,3,VNS,6992.0,无,无,299.038,,True
VNS,30-3-8-a0.1-i1.json,30,3,8,0.1,1,VNS,7041.0,无,无,299.033,,True
VNS,30-3-8-a0.1-i2.json,30,3,8,0.1,2,VNS,7777.0,无,无,299.013,,错误
VNS,30-3-8-a0.1-i3.json,30,3,8,0.1,3,VNS,6955.0,无,无,299.04,,True
VNS,30-3-8-a1-i1.json,30,3,8,1.0,1,VNS,7457.0,无,无,299.048,,错误
VNS,30-3-8-a1-i2.json,30,3,8,1.0,2,VNS,7814.0,无,无,299.024,,True
VNS,30-3-8-a1-i3.json,30,3,8,1.0,3,VNS,6955.0,无,无,299.038,,True
VNS,30-3-8-a10-i1.json,30,3,8,10.0,1,VNS,6986.0,无,无,299.041,,True
VNS,30-3-8-a10-i2.json,30,3,8,10.0,2,VNS,7609.0,无,无,299.037,,True
VNS,30-3-8-a10-i3.json,30,3,8,10.0,3,VNS,6702.0,无,无,299.034,,True
VNS,30-3-8-a100-i1.json,30,3,8,100.0,1,VNS,7223.0,无,无,299.028,,True
VNS,30-3-8-a100-i2.json,30,3,8,100.0,2,VNS,7609.0,无,无,299.032,,True
VNS,30-3-8-a100-i3.json,30,3,8,100.0,3,VNS,6702.0,无,无,299.012,,True
VNS,30-4-6-a0.1-i1.json,30,4,6,0.1,1,VNS,6887.0,无,无,299.021,,True
VNS,30-4-6-a0.1-i2.json,30,4,6,0.1,2,VNS,7941.0,无,无,299.031,,True
VNS,30-4-6-a0.1-i3.json,30,4,6,0.1,3,VNS,6922.0,无,无,299.046,,错误
VNS,30-4-6-a1-i1.json,30,4,6,1.0,1,VNS,7010.0,无,无,299.023,,True
VNS,30-4-6-a1-i2.json,30,4,6,1.0,2,VNS,8113.0,无,无,299.035,,True
VNS,30-4-6-a1-i3.json,30,4,6,1.0,3,VNS,6880.0,无,无,299.039,,True
VNS,30-4-6-a10-i1.json,30,4,6,10.0,1,VNS,6697.0,无,无,299.032,,True
VNS,30-4-6-a10-i2.json,30,4,6,10.0,2,VNS,8069.0,无,无,299.014,,True
VNS,30-4-6-a10-i3.json,30,4,6,10.0,3,VNS,6757.0,无,无,299.021,,True
VNS,30-4-6-a100-i1.json,30,4,6,100.0,1,VNS,6697.0,无,无,299.022,,True
VNS,30-4-6-a100-i2.json,30,4,6,100.0,2,VNS,7979.0,无,无,299.025,,True
VNS,30-4-6-a100-i3.json,30,4,6,100.0,3,VNS,6552.0,无,无,303.694,,True
VNS,30-4-7-a0.1-i1.json,30,4,7,0.1,1,VNS,6937.0,无,无,299.015,,True
VNS,30-4-7-a0.1-i2.json,30,4,7,0.1,2,VNS,8102.0,无,无,299.031,,True
VNS,30-4-7-a0.1-i3.json,30,4,7,0.1,3,VNS,6509.0,无,无,299.027,,True
VNS,30-4-7-a1-i1.json,30,4,7,1.0,1,VNS,6889.0,无,无,299.019,,True
VNS,30-4-7-a1-i2.json,30,4,7,1.0,2,VNS,8035.0,无,无,299.032,,True
VNS,30-4-7-a1-i3.json,30,4,7,1.0,3,VNS,6556.0,无,无,299.011,,True
VNS,30-4-7-a10-i1.json,30,4,7,10.0,1,VNS,6937.0,无,无,299.03,,True
VNS,30-4-7-a10-i2.json,30,4,7,10.0,2,VNS,7631.0,无,无,299.027,,True
VNS,30-4-7-a10-i3.json,30,4,7,10.0,3,VNS,6299.0,无,无,299.056,,True
VNS,30-4-7-a100-i1.json,30,4,7,100.0,1,VNS,6937.0,无,无,299.045,,True
VNS,30-4-7-a100-i2.json,30,4,7,100.0,2,VNS,7631.0,无,无,299.02,,True
VNS,30-4-7-a100-i3.json,30,4,7,100.0,3,VNS,6418.0,无,无,299.032,,True
VNS,30-4-8-a0.1-i1.json,30,4,8,0.1,1,VNS,6953.0,无,无,299.053,,True
VNS,30-4-8-a0.1-i2.json,30,4,8,0.1,2,VNS,7997.0,无,无,299.035,,True
VNS,30-4-8-a0.1-i3.json,30,4,8,0.1,3,VNS,6790.0,无,无,299.033,,True
VNS,30-4-8-a1-i1.json,30,4,8,1.0,1,VNS,6674.0,无,无,299.049,,True
VNS,30-4-8-a1-i2.json,30,4,8,1.0,2,VNS,7989.0,无,无,299.028,,True
VNS,30-4-8-a1-i3.json,30,4,8,1.0,3,VNS,6732.0,无,无,299.019,,True
VNS,30-4-8-a10-i1.json,30,4,8,10.0,1,VNS,6674.0,无,无,299.041,,True
VNS,30-4-8-a10-i2.json,30,4,8,10.0,2,VNS,7571.0,无,无,299.042,,True
VNS,30-4-8-a10-i3.json,30,4,8,10.0,3,VNS,6614.0,无,无,299.053,,True
VNS,30-4-8-a100-i1.json,30,4,8,100.0,1,VNS,6911.0,无,无,299.012,,True
VNS,30-4-8-a100-i2.json,30,4,8,100.0,2,VNS,7571.0,无,无,299.026,,True
VNS,30-4-8-a100-i3.json,30,4,8,100.0,3,VNS,6197.0,无,无,299.065,,True
VNS,30-5-6-a0.1-i1.json,30,5,6,0.1,1,VNS,7101.0,无,无,299.074,,True
VNS,30-5-6-a0.1-i2.json,30,5,6,0.1,2,VNS,7518.0,无,无,299.049,,True
VNS,30-5-6-a0.1-i3.json,30,5,6,0.1,3,VNS,6629.0,无,无,299.033,,True
VNS,30-5-6-a1-i1.json,30,5,6,1.0,1,VNS,7101.0,无,无,299.038,,True
VNS,30-5-6-a1-i2.json,30,5,6,1.0,2,VNS,7043.0,无,无,299.032,,True
VNS,30-5-6-a1-i3.json,30,5,6,1.0,3,VNS,6338.0,无,无,299.029,,True
VNS,30-5-6-a10-i1.json,30,5,6,10.0,1,VNS,6505.0,无,无,299.026,,True
VNS,30-5-6-a10-i2.json,30,5,6,10.0,2,VNS,7423.0,无,无,299.019,,True
VNS,30-5-6-a10-i3.json,30,5,6,10.0,3,VNS,6693.0,无,无,299.016,,True
VNS,30-5-6-a100-i1.json,30,5,6,100.0,1,VNS,6421.0,无,无,299.011,,True
VNS,30-5-6-a100-i2.json,30,5,6,100.0,2,VNS,7423.0,无,无,299.039,,True
VNS,30-5-6-a100-i3.json,30,5,6,100.0,3,VNS,6338.0,无,无,299.015,,True
VNS,30-5-7-a0.1-i1.json,30,5,7,0.1,1,VNS,7187.0,无,无,299.019,,True
VNS,30-5-7-a0.1-i2.json,30,5,7,0.1,2,VNS,7258.0,无,无,299.011,,True
VNS,30-5-7-a0.1-i3.json,30,5,7,0.1,3,VNS,6630.0,无,无,299.015,,True
VNS,30-5-7-a1-i1.json,30,5,7,1.0,1,VNS,7021.0,无,无,299.018,,True
VNS,30-5-7-a1-i2.json,30,5,7,1.0,2,VNS,7548.0,无,无,299.029,,True
VNS,30-5-7-a1-i3.json,30,5,7,1.0,3,VNS,6380.0,无,无,299.028,,True
VNS,30-5-7-a10-i1.json,30,5,7,10.0,1,VNS,7033.0,无,无,299.015,,True
VNS,30-5-7-a10-i2.json,30,5,7,10.0,2,VNS,7476.0,无,无,299.021,,True
VNS,30-5-7-a10-i3.json,30,5,7,10.0,3,VNS,6674.0,无,无,299.027,,True
VNS,30-5-7-a100-i1.json,30,5,7,100.0,1,VNS,7033.0,无,无,299.011,,True
VNS,30-5-7-a100-i2.json,30,5,7,100.0,2,VNS,7476.0,无,无,299.027,,True
VNS,30-5-7-a100-i3.json,30,5,7,100.0,3,VNS,6507.0,无,无,299.031,,True
VNS,30-5-8-a0.1-i1.json,30,5,8,0.1,1,VNS,7387.0,无,无,299.013,,True
VNS,30-5-8-a0.1-i2.json,30,5,8,0.1,2,VNS,7562.0,无,无,299.032,,True
VNS,30-5-8-a0.1-i3.json,30,5,8,0.1,3,VNS,6670.0,无,无,299.021,,True
VNS,30-5-8-a1-i1.json,30,5,8,1.0,1,VNS,7208.0,无,无,299.009,,True
VNS,30-5-8-a1-i2.json,30,5,8,1.0,2,VNS,7562.0,无,无,299.019,,True
VNS,30-5-8-a1-i3.json,30,5,8,1.0,3,VNS,6670.0,无,无,299.016,,True
VNS,30-5-8-a10-i1.json,30,5,8,10.0,1,VNS,6737.0,无,无,299.009,,True
VNS,30-5-8-a10-i2.json,30,5,8,10.0,2,VNS,7562.0,无,无,299.009,,True
VNS,30-5-8-a10-i3.json,30,5,8,10.0,3,VNS,6585.0,无,无,299.04,,True
VNS,30-5-8-a100-i1.json,30,5,8,100.0,1,VNS,6737.0,无,无,299.026,,True
VNS,30-5-8-a100-i2.json,30,5,8,100.0,2,VNS,7237.0,无,无,299.038,,True
VNS,30-5-8-a100-i3.json,30,5,8,100.0,3,VNS,6417.0,无,无,299.029,,True
VNS,50-3-6-a0.1-i1.json,50,3,6,0.1,1,VNS,10868.0,无,无,299.029,,True
VNS,50-3-6-a0.1-i2.json,50,3,6,0.1,2,VNS,12506.0,无,无,299.013,,True
VNS,50-3-6-a0.1-i3.json,50,3,6,0.1,3,VNS,12515.0,无,无,299.028,,True
VNS,50-3-6-a1-i1.json,50,3,6,1.0,1,VNS,10862.0,无,无,299.043,,True
VNS,50-3-6-a1-i2.json,50,3,6,1.0,2,VNS,12535.0,无,无,299.023,,True
VNS,50-3-6-a1-i3.json,50,3,6,1.0,3,VNS,12447.0,无,无,299.021,,True
VNS,50-3-6-a10-i1.json,50,3,6,10.0,1,VNS,10352.0,无,无,299.03,,True
VNS,50-3-6-a10-i2.json,50,3,6,10.0,2,VNS,12115.0,无,无,299.022,,True
VNS,50-3-6-a10-i3.json,50,3,6,10.0,3,VNS,12621.0,无,无,299.021,,True
VNS,50-3-6-a100-i1.json,50,3,6,100.0,1,VNS,10352.0,无,无,299.037,,True
VNS,50-3-6-a100-i2.json,50,3,6,100.0,2,VNS,12057.0,无,无,299.026,,True
VNS,50-3-6-a100-i3.json,50,3,6,100.0,3,VNS,12621.0,无,无,299.016,,True
VNS,50-3-7-a0.1-i1.json,50,3,7,0.1,1,VNS,11149.0,无,无,299.015,,True
VNS,50-3-7-a0.1-i2.json,50,3,7,0.1,2,VNS,12147.0,无,无,299.033,,True
VNS,50-3-7-a0.1-i3.json,50,3,7,0.1,3,VNS,12507.0,无,无,299.009,,True
VNS,50-3-7-a1-i1.json,50,3,7,1.0,1,VNS,11015.0,无,无,299.019,,True
VNS,50-3-7-a1-i2.json,50,3,7,1.0,2,VNS,12488.0,无,无,299.035,,True
VNS,50-3-7-a1-i3.json,50,3,7,1.0,3,VNS,12432.0,无,无,299.044,,True
VNS,50-3-7-a10-i1.json,50,3,7,10.0,1,VNS,11008.0,无,无,299.032,,True
VNS,50-3-7-a10-i2.json,50,3,7,10.0,2,VNS,12070.0,无,无,299.044,,True
VNS,50-3-7-a10-i3.json,50,3,7,10.0,3,VNS,12290.0,无,无,299.011,,True
VNS,50-3-7-a100-i1.json,50,3,7,100.0,1,VNS,11008.0,无,无,299.023,,True
VNS,50-3-7-a100-i2.json,50,3,7,100.0,2,VNS,12203.0,无,无,299.025,,True
VNS,50-3-7-a100-i3.json,50,3,7,100.0,3,VNS,12140.0,无,无,299.016,,True
VNS,50-3-8-a0.1-i1.json,50,3,8,0.1,1,VNS,11171.0,无,无,299.025,,True
VNS,50-3-8-a0.1-i2.json,50,3,8,0.1,2,VNS,11951.0,无,无,299.012,,True
VNS,50-3-8-a0.1-i3.json,50,3,8,0.1,3,VNS,12820.0,无,无,299.025,,True
VNS,50-3-8-a1-i1.json,50,3,8,1.0,1,VNS,11089.0,无,无,299.036,,True
VNS,50-3-8-a1-i2.json,50,3,8,1.0,2,VNS,11951.0,无,无,299.027,,True
VNS,50-3-8-a1-i3.json,50,3,8,1.0,3,VNS,12781.0,无,无,299.022,,True
VNS,50-3-8-a10-i1.json,50,3,8,10.0,1,VNS,10709.0,无,无,299.022,,True
VNS,50-3-8-a10-i2.json,50,3,8,10.0,2,VNS,12078.0,无,无,299.037,,True
VNS,50-3-8-a10-i3.json,50,3,8,10.0,3,VNS,12774.0,无,无,299.042,,True
VNS,50-3-8-a100-i1.json,50,3,8,100.0,1,VNS,10419.0,无,无,299.014,,True
VNS,50-3-8-a100-i2.json,50,3,8,100.0,2,VNS,11822.0,无,无,299.015,,True
VNS,50-3-8-a100-i3.json,50,3,8,100.0,3,VNS,12408.0,无,无,299.015,,True
VNS,50-4-6-a0.1-i1.json,50,4,6,0.1,1,VNS,10908.0,无,无,299.012,,True
VNS,50-4-6-a0.1-i2.json,50,4,6,0.1,2,VNS,12335.0,无,无,299.035,,True
VNS,50-4-6-a0.1-i3.json,50,4,6,0.1,3,VNS,12275.0,无,无,299.012,,True
VNS,50-4-6-a1-i1.json,50,4,6,1.0,1,VNS,11040.0,无,无,299.032,,True
VNS,50-4-6-a1-i2.json,50,4,6,1.0,2,VNS,12199.0,无,无,299.019,,True
VNS,50-4-6-a1-i3.json,50,4,6,1.0,3,VNS,12138.0,无,无,299.014,,True
VNS,50-4-6-a10-i1.json,50,4,6,10.0,1,VNS,10859.0,无,无,299.017,,True
VNS,50-4-6-a10-i2.json,50,4,6,10.0,2,VNS,11591.0,无,无,299.04,,True
VNS,50-4-6-a10-i3.json,50,4,6,10.0,3,VNS,12148.0,无,无,299.022,,True
VNS,50-4-6-a100-i1.json,50,4,6,100.0,1,VNS,10859.0,无,无,299.021,,True
VNS,50-4-6-a100-i2.json,50,4,6,100.0,2,VNS,11591.0,无,无,299.026,,True
VNS,50-4-6-a100-i3.json,50,4,6,100.0,3,VNS,12358.0,无,无,299.036,,True
VNS,50-4-7-a0.1-i1.json,50,4,7,0.1,1,VNS,10723.0,无,无,299.012,,True
VNS,50-4-7-a0.1-i2.json,50,4,7,0.1,2,VNS,12296.0,无,无,299.021,,True
VNS,50-4-7-a0.1-i3.json,50,4,7,0.1,3,VNS,12487.0,无,无,299.011,,True
VNS,50-4-7-a1-i1.json,50,4,7,1.0,1,VNS,10480.0,无,无,299.009,,True
VNS,50-4-7-a1-i2.json,50,4,7,1.0,2,VNS,12445.0,无,无,299.022,,True
VNS,50-4-7-a1-i3.json,50,4,7,1.0,3,VNS,12620.0,无,无,299.014,,True
VNS,50-4-7-a10-i1.json,50,4,7,10.0,1,VNS,10321.0,无,无,299.043,,True
VNS,50-4-7-a10-i2.json,50,4,7,10.0,2,VNS,11939.0,无,无,299.01,,True
VNS,50-4-7-a10-i3.json,50,4,7,10.0,3,VNS,12426.0,无,无,299.012,,True
VNS,50-4-7-a100-i1.json,50,4,7,100.0,1,VNS,10273.0,无,无,299.027,,True
VNS,50-4-7-a100-i2.json,50,4,7,100.0,2,VNS,12030.0,无,无,299.043,,True
VNS,50-4-7-a100-i3.json,50,4,7,100.0,3,VNS,12323.0,无,无,299.043,,True
VNS,50-4-8-a0.1-i1.json,50,4,8,0.1,1,VNS,10793.0,无,无,299.036,,True
VNS,50-4-8-a0.1-i2.json,50,4,8,0.1,2,VNS,12203.0,无,无,299.021,,True
VNS,50-4-8-a0.1-i3.json,50,4,8,0.1,3,VNS,12033.0,无,无,299.009,,True
VNS,50-4-8-a1-i1.json,50,4,8,1.0,1,VNS,10539.0,无,无,299.042,,True
VNS,50-4-8-a1-i2.json,50,4,8,1.0,2,VNS,12203.0,无,无,299.016,,True
VNS,50-4-8-a1-i3.json,50,4,8,1.0,3,VNS,12601.0,无,无,299.028,,True
VNS,50-4-8-a10-i1.json,50,4,8,10.0,1,VNS,10817.0,无,无,299.902,,True
VNS,50-4-8-a10-i2.json,50,4,8,10.0,2,VNS,11623.0,无,无,299.023,,True
VNS,50-4-8-a10-i3.json,50,4,8,10.0,3,VNS,12043.0,无,无,299.011,,True
VNS,50-4-8-a100-i1.json,50,4,8,100.0,1,VNS,10778.0,无,无,299.01,,True
VNS,50-4-8-a100-i2.json,50,4,8,100.0,2,VNS,11190.0,无,无,299.02,,True
VNS,50-4-8-a100-i3.json,50,4,8,100.0,3,VNS,12248.0,无,无,299.037,,True
VNS,50-5-6-a0.1-i1.json,50,5,6,0.1,1,VNS,11048.0,无,无,299.027,,True
VNS,50-5-6-a0.1-i2.json,50,5,6,0.1,2,VNS,11678.0,无,无,299.019,,True
VNS,50-5-6-a0.1-i3.json,50,5,6,0.1,3,VNS,12136.0,无,无,299.023,,True
VNS,50-5-6-a1-i1.json,50,5,6,1.0,1,VNS,11048.0,无,无,299.027,,True
VNS,50-5-6-a1-i2.json,50,5,6,1.0,2,VNS,12022.0,无,无,299.019,,True
VNS,50-5-6-a1-i3.json,50,5,6,1.0,3,VNS,12136.0,无,无,299.02,,True
VNS,50-5-6-a10-i1.json,50,5,6,10.0,1,VNS,10549.0,无,无,299.039,,True
VNS,50-5-6-a10-i2.json,50,5,6,10.0,2,VNS,11250.0,无,无,299.016,,True
VNS,50-5-6-a10-i3.json,50,5,6,10.0,3,VNS,12535.0,无,无,299.021,,True
VNS,50-5-6-a100-i1.json,50,5,6,100.0,1,VNS,10549.0,无,无,299.022,,True
VNS,50-5-6-a100-i2.json,50,5,6,100.0,2,VNS,11511.0,无,无,299.024,,True
VNS,50-5-6-a100-i3.json,50,5,6,100.0,3,VNS,11874.0,无,无,299.036,,True
VNS,50-5-7-a0.1-i1.json,50,5,7,0.1,1,VNS,11132.0,无,无,299.027,,True
VNS,50-5-7-a0.1-i2.json,50,5,7,0.1,2,VNS,12099.0,无,无,299.015,,True
VNS,50-5-7-a0.1-i3.json,50,5,7,0.1,3,VNS,12108.0,无,无,299.032,,True
VNS,50-5-7-a1-i1.json,50,5,7,1.0,1,VNS,10935.0,无,无,299.015,,True
VNS,50-5-7-a1-i2.json,50,5,7,1.0,2,VNS,12135.0,无,无,299.041,,True
VNS,50-5-7-a1-i3.json,50,5,7,1.0,3,VNS,12426.0,无,无,299.016,,True
VNS,50-5-7-a10-i1.json,50,5,7,10.0,1,VNS,11067.0,无,无,299.035,,True
VNS,50-5-7-a10-i2.json,50,5,7,10.0,2,VNS,11841.0,无,无,299.049,,True
VNS,50-5-7-a10-i3.json,50,5,7,10.0,3,VNS,12333.0,无,无,299.037,,True
VNS,50-5-7-a100-i1.json,50,5,7,100.0,1,VNS,10849.0,无,无,299.022,,True
VNS,50-5-7-a100-i2.json,50,5,7,100.0,2,VNS,11609.0,无,无,299.029,,True
VNS,50-5-7-a100-i3.json,50,5,7,100.0,3,VNS,12333.0,无,无,299.018,,True
VNS,50-5-8-a0.1-i1.json,50,5,8,0.1,1,VNS,10963.0,无,无,299.036,,True
VNS,50-5-8-a0.1-i2.json,50,5,8,0.1,2,VNS,11851.0,无,无,299.023,,True
VNS,50-5-8-a0.1-i3.json,50,5,8,0.1,3,VNS,12306.0,无,无,299.023,,True
VNS,50-5-8-a1-i1.json,50,5,8,1.0,1,VNS,10762.0,无,无,299.025,,True
VNS,50-5-8-a1-i2.json,50,5,8,1.0,2,VNS,12176.0,无,无,299.01,,True
VNS,50-5-8-a1-i3.json,50,5,8,1.0,3,VNS,12186.0,无,无,299.035,,True
VNS,50-5-8-a10-i1.json,50,5,8,10.0,1,VNS,10932.0,无,无,299.028,,True
VNS,50-5-8-a10-i2.json,50,5,8,10.0,2,VNS,11772.0,无,无,299.037,,True
VNS,50-5-8-a10-i3.json,50,5,8,10.0,3,VNS,12423.0,无,无,299.012,,True
VNS,50-5-8-a100-i1.json,50,5,8,100.0,1,VNS,10183.0,无,无,299.016,,True
VNS,50-5-8-a100-i2.json,50,5,8,100.0,2,VNS,11724.0,无,无,299.034,,True
VNS,50-5-8-a100-i3.json,50,5,8,100.0,3,VNS,12099.0,无,无,299.033,,True
VNS,70-3-6-a0.1-i1.json,70,3,6,0.1,1,VNS,16957.0,无,无,299.04,,True
VNS,70-3-6-a0.1-i2.json,70,3,6,0.1,2,VNS,17084.0,无,无,299.036,,True
VNS,70-3-6-a0.1-i3.json,70,3,6,0.1,3,VNS,18041.0,无,无,299.031,,True
VNS,70-3-6-a1-i1.json,70,3,6,1.0,1,VNS,16957.0,无,无,299.035,,True
VNS,70-3-6-a1-i2.json,70,3,6,1.0,2,VNS,17084.0,无,无,299.039,,True
VNS,70-3-6-a1-i3.json,70,3,6,1.0,3,VNS,18099.0,无,无,299.029,,True
VNS,70-3-6-a10-i1.json,70,3,6,10.0,1,VNS,15943.0,无,无,299.05,,True
VNS,70-3-6-a10-i2.json,70,3,6,10.0,2,VNS,16643.0,无,无,299.013,,True
VNS,70-3-6-a10-i3.json,70,3,6,10.0,3,VNS,17542.0,无,无,299.039,,True
VNS,70-3-6-a100-i1.json,70,3,6,100.0,1,VNS,16476.0,无,无,299.051,,True
VNS,70-3-6-a100-i2.json,70,3,6,100.0,2,VNS,16521.0,无,无,299.024,,True
VNS,70-3-6-a100-i3.json,70,3,6,100.0,3,VNS,16981.0,无,无,299.053,,True
VNS,70-3-7-a0.1-i1.json,70,3,7,0.1,1,VNS,16600.0,无,无,299.035,,True
VNS,70-3-7-a0.1-i2.json,70,3,7,0.1,2,VNS,16674.0,无,无,299.024,,True
VNS,70-3-7-a0.1-i3.json,70,3,7,0.1,3,VNS,17753.0,无,无,299.011,,True
VNS,70-3-7-a1-i1.json,70,3,7,1.0,1,VNS,16091.0,无,无,299.05,,True
VNS,70-3-7-a1-i2.json,70,3,7,1.0,2,VNS,16709.0,无,无,299.014,,True
VNS,70-3-7-a1-i3.json,70,3,7,1.0,3,VNS,18055.0,无,无,299.032,,True
VNS,70-3-7-a10-i1.json,70,3,7,10.0,1,VNS,16481.0,无,无,299.044,,True
VNS,70-3-7-a10-i2.json,70,3,7,10.0,2,VNS,16842.0,无,无,299.05,,True
VNS,70-3-7-a10-i3.json,70,3,7,10.0,3,VNS,17636.0,无,无,299.055,,True
VNS,70-3-7-a100-i1.json,70,3,7,100.0,1,VNS,16310.0,无,无,299.026,,True
VNS,70-3-7-a100-i2.json,70,3,7,100.0,2,VNS,16408.0,无,无,299.018,,True
VNS,70-3-7-a100-i3.json,70,3,7,100.0,3,VNS,17622.0,无,无,299.035,,True
VNS,70-3-8-a0.1-i1.json,70,3,8,0.1,1,VNS,16898.0,无,无,299.015,,True
VNS,70-3-8-a0.1-i2.json,70,3,8,0.1,2,VNS,16978.0,无,无,299.01,,True
VNS,70-3-8-a0.1-i3.json,70,3,8,0.1,3,VNS,17990.0,无,无,299.016,,True
VNS,70-3-8-a1-i1.json,70,3,8,1.0,1,VNS,17068.0,无,无,299.047,,True
VNS,70-3-8-a1-i2.json,70,3,8,1.0,2,VNS,17053.0,无,无,299.016,,True
VNS,70-3-8-a1-i3.json,70,3,8,1.0,3,VNS,17810.0,无,无,299.013,,True
VNS,70-3-8-a10-i1.json,70,3,8,10.0,1,VNS,16770.0,无,无,299.02,,True
VNS,70-3-8-a10-i2.json,70,3,8,10.0,2,VNS,16275.0,无,无,299.623,,True
VNS,70-3-8-a10-i3.json,70,3,8,10.0,3,VNS,17303.0,无,无,299.02,,True
VNS,70-3-8-a100-i1.json,70,3,8,100.0,1,VNS,15890.0,无,无,299.033,,True
VNS,70-3-8-a100-i2.json,70,3,8,100.0,2,VNS,16602.0,无,无,299.045,,True
VNS,70-3-8-a100-i3.json,70,3,8,100.0,3,VNS,17285.0,无,无,299.041,,True
VNS,70-4-6-a0.1-i1.json,70,4,6,0.1,1,VNS,16567.0,无,无,299.045,,True
VNS,70-4-6-a0.1-i2.json,70,4,6,0.1,2,VNS,17228.0,无,无,299.04,,True
VNS,70-4-6-a0.1-i3.json,70,4,6,0.1,3,VNS,17393.0,无,无,299.041,,True
VNS,70-4-6-a1-i1.json,70,4,6,1.0,1,VNS,16567.0,无,无,299.026,,True
VNS,70-4-6-a1-i2.json,70,4,6,1.0,2,VNS,17242.0,无,无,299.026,,True
VNS,70-4-6-a1-i3.json,70,4,6,1.0,3,VNS,17484.0,无,无,299.036,,True
VNS,70-4-6-a10-i1.json,70,4,6,10.0,1,VNS,16310.0,无,无,299.028,,True
VNS,70-4-6-a10-i2.json,70,4,6,10.0,2,VNS,17180.0,无,无,299.033,,True
VNS,70-4-6-a10-i3.json,70,4,6,10.0,3,VNS,17086.0,无,无,299.038,,True
VNS,70-4-6-a100-i1.json,70,4,6,100.0,1,VNS,16294.0,无,无,299.034,,True
VNS,70-4-6-a100-i2.json,70,4,6,100.0,2,VNS,17180.0,无,无,299.04,,True
VNS,70-4-6-a100-i3.json,70,4,6,100.0,3,VNS,16886.0,无,无,299.06,,True
VNS,70-4-7-a0.1-i1.json,70,4,7,0.1,1,VNS,16444.0,无,无,299.029,,True
VNS,70-4-7-a0.1-i2.json,70,4,7,0.1,2,VNS,17371.0,无,无,299.048,,True
VNS,70-4-7-a0.1-i3.json,70,4,7,0.1,3,VNS,17271.0,无,无,299.034,,True
VNS,70-4-7-a1-i1.json,70,4,7,1.0,1,VNS,16444.0,无,无,299.044,,True
VNS,70-4-7-a1-i2.json,70,4,7,1.0,2,VNS,17315.0,无,无,299.017,,True
VNS,70-4-7-a1-i3.json,70,4,7,1.0,3,VNS,17482.0,无,无,299.039,,True
VNS,70-4-7-a10-i1.json,70,4,7,10.0,1,VNS,15917.0,无,无,299.013,,True
VNS,70-4-7-a10-i2.json,70,4,7,10.0,2,VNS,16614.0,无,无,299.025,,True
VNS,70-4-7-a10-i3.json,70,4,7,10.0,3,VNS,17485.0,无,无,299.028,,True
VNS,70-4-7-a100-i1.json,70,4,7,100.0,1,VNS,15782.0,无,无,299.027,,True
VNS,70-4-7-a100-i2.json,70,4,7,100.0,2,VNS,16776.0,无,无,299.025,,True
VNS,70-4-7-a100-i3.json,70,4,7,100.0,3,VNS,16995.0,无,无,299.037,,True
VNS,70-4-8-a0.1-i1.json,70,4,8,0.1,1,VNS,16547.0,无,无,299.014,,True
VNS,70-4-8-a0.1-i2.json,70,4,8,0.1,2,VNS,17249.0,无,无,299.041,,True
VNS,70-4-8-a0.1-i3.json,70,4,8,0.1,3,VNS,17565.0,无,无,299.048,,True
VNS,70-4-8-a1-i1.json,70,4,8,1.0,1,VNS,16444.0,无,无,299.048,,True
VNS,70-4-8-a1-i2.json,70,4,8,1.0,2,VNS,17195.0,无,无,299.034,,True
VNS,70-4-8-a1-i3.json,70,4,8,1.0,3,VNS,17442.0,无,无,299.025,,True
VNS,70-4-8-a10-i1.json,70,4,8,10.0,1,VNS,16441.0,无,无,299.017,,True
VNS,70-4-8-a10-i2.json,70,4,8,10.0,2,VNS,15813.0,无,无,299.025,,True
VNS,70-4-8-a10-i3.json,70,4,8,10.0,3,VNS,17101.0,无,无,299.027,,True
VNS,70-4-8-a100-i1.json,70,4,8,100.0,1,VNS,16441.0,无,无,299.016,,True
VNS,70-4-8-a100-i2.json,70,4,8,100.0,2,VNS,16679.0,无,无,299.318,,True
VNS,70-4-8-a100-i3.json,70,4,8,100.0,3,VNS,17101.0,无,无,299.031,,True
VNS,70-5-6-a0.1-i1.json,70,5,6,0.1,1,VNS,16486.0,无,无,299.044,,True
VNS,70-5-6-a0.1-i2.json,70,5,6,0.1,2,VNS,17502.0,无,无,299.017,,True
VNS,70-5-6-a0.1-i3.json,70,5,6,0.1,3,VNS,16978.0,无,无,299.027,,True
VNS,70-5-6-a1-i1.json,70,5,6,1.0,1,VNS,16420.0,无,无,299.057,,True
VNS,70-5-6-a1-i2.json,70,5,6,1.0,2,VNS,16984.0,无,无,299.019,,True
VNS,70-5-6-a1-i3.json,70,5,6,1.0,3,VNS,17122.0,无,无,299.046,,True
VNS,70-5-6-a10-i1.json,70,5,6,10.0,1,VNS,16252.0,无,无,299.028,,True
VNS,70-5-6-a10-i2.json,70,5,6,10.0,2,VNS,16094.0,无,无,299.035,,True
VNS,70-5-6-a10-i3.json,70,5,6,10.0,3,VNS,17098.0,无,无,299.031,,True
VNS,70-5-6-a100-i1.json,70,5,6,100.0,1,VNS,15615.0,无,无,299.022,,True
VNS,70-5-6-a100-i2.json,70,5,6,100.0,2,VNS,17129.0,无,无,299.018,,True
VNS,70-5-6-a100-i3.json,70,5,6,100.0,3,VNS,17098.0,无,无,299.027,,True
VNS,70-5-7-a0.1-i1.json,70,5,7,0.1,1,VNS,16222.0,无,无,299.021,,True
VNS,70-5-7-a0.1-i2.json,70,5,7,0.1,2,VNS,17421.0,无,无,299.025,,True
VNS,70-5-7-a0.1-i3.json,70,5,7,0.1,3,VNS,16896.0,无,无,299.052,,True
VNS,70-5-7-a1-i1.json,70,5,7,1.0,1,VNS,16309.0,无,无,299.054,,True
VNS,70-5-7-a1-i2.json,70,5,7,1.0,2,VNS,17417.0,无,无,299.02,,True
VNS,70-5-7-a1-i3.json,70,5,7,1.0,3,VNS,17104.0,无,无,299.011,,True
VNS,70-5-7-a10-i1.json,70,5,7,10.0,1,VNS,16404.0,无,无,299.023,,True
VNS,70-5-7-a10-i2.json,70,5,7,10.0,2,VNS,16944.0,无,无,299.024,,True
VNS,70-5-7-a10-i3.json,70,5,7,10.0,3,VNS,16682.0,无,无,299.047,,True
VNS,70-5-7-a100-i1.json,70,5,7,100.0,1,VNS,16058.0,无,无,299.048,,True
VNS,70-5-7-a100-i2.json,70,5,7,100.0,2,VNS,17072.0,无,无,299.033,,True
VNS,70-5-7-a100-i3.json,70,5,7,100.0,3,VNS,16682.0,无,无,299.031,,True
VNS,70-5-8-a0.1-i1.json,70,5,8,0.1,1,VNS,16400.0,无,无,299.026,,True
VNS,70-5-8-a0.1-i2.json,70,5,8,0.1,2,VNS,17099.0,无,无,299.039,,True
VNS,70-5-8-a0.1-i3.json,70,5,8,0.1,3,VNS,16870.0,无,无,299.038,,True
VNS,70-5-8-a1-i1.json,70,5,8,1.0,1,VNS,16292.0,无,无,299.021,,True
VNS,70-5-8-a1-i2.json,70,5,8,1.0,2,VNS,17099.0,无,无,299.015,,True
VNS,70-5-8-a1-i3.json,70,5,8,1.0,3,VNS,17192.0,无,无,299.036,,True
VNS,70-5-8-a10-i1.json,70,5,8,10.0,1,VNS,16151.0,无,无,299.036,,True
VNS,70-5-8-a10-i2.json,70,5,8,10.0,2,VNS,16710.0,无,无,299.023,,True
VNS,70-5-8-a10-i3.json,70,5,8,10.0,3,VNS,16900.0,无,无,299.018,,True
VNS,70-5-8-a100-i1.json,70,5,8,100.0,1,VNS,16221.0,无,无,299.03,,True
VNS,70-5-8-a100-i2.json,70,5,8,100.0,2,VNS,16334.0,无,无,299.028,,True
VNS,70-5-8-a100-i3.json,70,5,8,100.0,3,VNS,16900.0,无,无,299.02,,True
